id,name,sport_type,start_date_local,distance,moving_time,elapsed_time,average_heartrate,max_heartrate
17846112729,Afternoon Run,Run,2026-03-24T16:16:03Z,12780.4,4230,4339,,
17835448942,Climb at Vital LES,RockClimbing,2026-03-24T00:10:00Z,0.0,7810,7810,,
17821805735,Afternoon Run,Run,2026-03-22T16:39:16Z,10651.2,3684,3798,,
17809059032,Climb at Vital BK,RockClimbing,2026-03-21T19:41:00Z,0.0,4260,4260,,
17809050522,Climb at Vital LES,RockClimbing,2026-03-20T22:36:51Z,0.0,5400,5400,,
17795675527,Afternoon Run,Run,2026-03-20T16:32:42Z,7864.5,2800,2903,,
17784968434,Afternoon Run,Run,2026-03-19T17:56:53Z,7047.5,2213,2216,,
17774128909,Bouldering Session,RockClimbing,2026-03-18T20:26:33Z,408.4,373,4221,90.1,151.0
17762037412,Sunset Ride,Ride,2026-03-17T18:53:04Z,18723.7,2817,2890,126.8,158.0
17749570860,Bouldering Session,RockClimbing,2026-03-16T18:57:03Z,646.9,545,7221,102.4,158.0
17748482252,Afternoon Ride,Ride,2026-03-16T16:43:14Z,6645.5,1262,1819,109.6,130.0
17738046182,Sunday Evening Run,Run,2026-03-15T18:27:53Z,6208.5,2076,2388,140.5,166.0
17738290564,Afternoon Ride,Ride,2026-03-15T17:06:38Z,32146.3,4491,4616,124.4,146.0
17731608736,Frisbee Tossing,Workout,2026-03-14T15:45:39Z,0.0,12004,12004,116.8,163.0
17708672754,Bouldering Session,RockClimbing,2026-03-12T20:26:40Z,355.9,311,4175,110.7,168.0
17703815718,Afternoon Ride,Ride,2026-03-12T15:54:54Z,64805.2,8955,11955,133.4,161.0
17704085804,Bouldering Session,RockClimbing,2026-03-11T19:34:56Z,515.1,362,5623,106.6,163.0
17692274490,Wednesday Evening Run,Run,2026-03-11T18:28:35Z,3194.3,1214,1227,121.2,133.0
17680671124,RAAAAA,Ride,2026-03-10T17:47:17Z,38863.2,4691,4691,140.7,158.0
17667998949,Bouldering Session,RockClimbing,2026-03-09T20:24:27Z,231.2,226,2389,110.7,161.0
17667480649,Monday Evening Run,Run,2026-03-09T17:35:32Z,14020.6,5100,5159,134.6,153.0
17642178260,Saturday Afternoon Run,Run,2026-03-07T15:45:13Z,4053.8,1490,1514,150.9,167.0
17642008886,Afternoon Ride,Ride,2026-03-07T13:31:52Z,38256.4,6231,7647,139.6,181.0
17640718130,Bouldering Session,RockClimbing,2026-03-06T20:41:09Z,617.9,451,7065,107.8,166.0
17631137899,Afternoon Ride - turkey in tree before gta6,Ride,2026-03-06T17:18:19Z,31334.0,4177,4177,137.0,154.0
17620897998,Thursday Evening Run,Run,2026-03-05T20:39:41Z,6473.8,2260,2306,136.9,149.0
17614453111,Bouldering Session - too pumped,RockClimbing,2026-03-04T19:47:58Z,487.7,349,4840,97.0,159.0
17596089395,Tuesday Evening Run 🌁🌆,Run,2026-03-03T17:38:00Z,12882.0,4613,4695,133.2,150.0
17571921763,Evening Ride,Ride,2026-03-01T19:29:39Z,3659.5,607,607,,
17559798271,Saturday Evening Run,Run,2026-02-28T19:28:38Z,5049.9,1921,1921,147.4,168.0
17559454811,In n Out Ride,Ride,2026-02-28T15:19:16Z,58407.9,8087,10099,143.9,164.0
17547369540,Afternoon Ride,Ride,2026-02-27T13:07:17Z,30257.4,4048,4163,144.3,173.0
17538166485,Thursday Night Run,Run,2026-02-26T22:32:19Z,6502.3,2390,2448,129.1,152.0
17555748968,Bouldering Session,RockClimbing,2026-02-26T19:15:59Z,473.2,288,5856,107.6,166.0
17538706761,Bouldering Session,RockClimbing,2026-02-24T19:53:15Z,613.2,806,5368,113.7,168.0
17538706757,Bouldering Session,RockClimbing,2026-02-19T19:32:41Z,538.6,403,5363,110.8,164.0
17538706751,Bouldering Session,RockClimbing,2026-02-19T19:32:41Z,580.6,524,5363,112.6,164.0
17447226285,Wednesday Night Run,Run,2026-02-18T22:21:20Z,11283.7,4069,4136,135.2,161.0
17489281469,Bouldering Session,RockClimbing,2026-02-17T20:10:08Z,370.3,487,3218,100.4,169.0
17435699112,Bouldering Session,RockClimbing,2026-02-16T20:27:55Z,468.5,492,4277,112.5,168.0
17435699110,Bouldering Session,RockClimbing,2026-02-16T20:27:55Z,468.5,492,4277,112.5,168.0
17422944896,Monday Evening Run,Run,2026-02-16T17:28:35Z,7308.7,2724,2919,139.8,161.0
17410887244,Lunch Ride,Ride,2026-02-15T11:22:24Z,33847.4,4938,5195,142.7,168.0
17410812839,Saturday Night Run,Run,2026-02-14T23:53:28Z,5025.9,1722,1746,145.9,164.0
17435698883,Bouldering Session,RockClimbing,2026-02-12T19:51:14Z,979.9,860,10656,102.6,178.0
17378637866,Thursday Afternoon Run,Run,2026-02-12T14:17:17Z,4998.9,1874,2347,138.9,158.0
17347154440,Monday Night Run,Run,2026-02-09T22:12:15Z,5158.1,1443,1449,156.1,185.0
17323641766,Saturday Evening Run,Run,2026-02-07T17:08:31Z,11286.5,4485,4646,143.6,169.0
17320862354,Morning Ride,Ride,2026-02-07T09:42:38Z,3056.9,376,914,106.9,121.0
17312388098,Mini bike packing trip,Ride,2026-02-06T16:07:04Z,12368.6,4518,4833,111.4,136.0
17379234845,Bouldering Session,RockClimbing,2026-02-04T20:00:46Z,170.0,99,1788,115.1,166.0
17379234844,Bouldering Session,RockClimbing,2026-02-04T20:00:46Z,182.3,139,1788,115.9,166.0
17279884236,Tuesday Evening Run,Run,2026-02-03T20:50:13Z,6130.7,2168,2227,143.4,157.0
17279749593,Evening Ride,Ride,2026-02-03T20:05:38Z,16152.0,2205,2329,145.0,162.0
17256047843,Sunday Afternoon Run,Run,2026-02-01T16:54:12Z,5492.6,2033,2238,137.1,155.0
17255278001,Afternoon Walk,Walk,2026-02-01T13:56:36Z,3606.3,2896,3170,81.8,113.0
17244669648,"Bouldering Session - get in, find soft v8, get out",RockClimbing,2026-01-31T17:24:33Z,251.6,193,2763,99.6,142.0
17233526605,Friday Evening Run,Run,2026-01-30T18:19:52Z,9972.7,3388,3427,152.3,167.0
17225330373,Bouldering Session,RockClimbing,2026-01-29T19:51:27Z,771.8,579,7714,115.8,162.0
17212891831,Wednesday Evening Run,Run,2026-01-28T17:49:45Z,6871.9,2589,8081,130.6,154.0
17140776210,Thursday Morning Run,Run,2026-01-22T08:29:08Z,6157.0,2134,2215,144.4,164.0
17133852666,Wednesday Afternoon Weight Training,WeightTraining,2026-01-21T16:01:07Z,0.0,2702,2702,104.5,155.0
17123383277,Tuesday Evening Walk,Walk,2026-01-20T19:35:49Z,3289.7,2648,2746,84.3,105.0
17117434911,Broken 600s,Run,2026-01-20T08:30:32Z,5080.3,1898,1920,141.7,164.0
17111488113,Bouldering Session - First time getting 2 V8 in 1 session,RockClimbing,2026-01-19T19:04:14Z,670.2,561,7170,114.0,166.0
17110830849,Monday Evening Walk,Walk,2026-01-19T17:40:12Z,3355.0,2318,2318,94.0,134.0
17109901276,Monday Afternoon Weight Training,WeightTraining,2026-01-19T15:02:11Z,0.0,3153,3153,102.3,148.0
17087043607,Saturday Afternoon Run,Run,2026-01-17T15:28:38Z,9677.4,3683,3687,142.9,166.0
17076537135,Bouldering Session,RockClimbing,2026-01-16T20:36:32Z,324.5,275,3003,102.2,154.0
17075957876,Afternoon Walk,Walk,2026-01-16T17:32:35Z,3382.3,2513,3500,82.5,98.0
17066241321,Thursday Night Run,Run,2026-01-15T21:58:38Z,3052.4,1002,1016,104.0,146.0
17064590144,Afternoon Walk,Walk,2026-01-15T14:50:21Z,5301.2,3856,4717,103.5,125.0
17062704642,Thursday Morning XC Ski,NordicSki,2026-01-15T09:40:10Z,10968.6,7698,11108,114.7,149.0
17029287599,Monday Afternoon Run,Run,2026-01-12T15:38:36Z,8057.7,3150,3206,141.4,169.0
17028655346,Monday Afternoon Walk,Walk,2026-01-12T13:28:29Z,5321.5,4022,7446,92.3,123.0
17027436447,Sunday Evening Elliptical,Elliptical,2026-01-11T20:07:21Z,0.0,1202,1202,115.9,135.0
17016960383,Lunch Walk,Walk,2026-01-11T12:30:14Z,3091.9,2427,2658,83.7,99.0
17006839469,Saturday Afternoon Weight Training,WeightTraining,2026-01-10T16:57:23Z,0.0,1331,1331,110.4,138.0
17014445947,Bouldering Session,RockClimbing,2026-01-10T15:29:46Z,200.2,161,1794,94.8,141.0
16993824135,Friday Afternoon Run,Run,2026-01-09T13:27:05Z,3381.3,1281,1389,119.3,135.0
17014445960,Bouldering Session,RockClimbing,2026-01-08T16:27:39Z,206.1,200,1794,109.7,161.0
16974646469,Wednesday Afternoon Run,Run,2026-01-07T16:26:20Z,7173.8,2626,2696,138.9,170.0
16952714612,Monday Night Cycle,Ride,2026-01-05T22:12:18Z,5817.3,1145,1230,98.2,142.0
17014445964,Bouldering Session,RockClimbing,2026-01-05T19:31:27Z,237.8,285,1794,92.0,175.0
16941384821,Sunday Evening Run w kath,Run,2026-01-04T20:04:03Z,4284.9,1676,1703,125.4,142.0
16959230074,Afternoon Walk,Walk,2026-01-04T15:26:57Z,3528.6,2355,2910,85.7,106.0
17014445962,Bouldering Session,RockClimbing,2026-01-03T17:59:32Z,228.5,330,1794,106.0,154.0
16929985982,Friday Afternoon Run,Run,2026-01-02T12:30:30Z,2066.1,669,953,139.8,150.0
16908887621,Bouldering Session,RockClimbing,2026-01-01T12:44:24Z,605.7,755,5158,100.1,160.0
16898540603,Wednesday Afternoon Run,Run,2025-12-31T12:27:31Z,4181.3,1430,3487,144.4,158.0
16926300497,Bouldering Session,RockClimbing,2025-12-30T14:09:16Z,227.0,213,1794,114.8,165.0
16877366299,Monday Morning Run,Run,2025-12-29T11:30:10Z,3535.3,1407,1682,136.7,152.0
16908887635,Bouldering Session,RockClimbing,2025-12-26T10:37:39Z,1614.6,1884,13868,92.9,161.0
16833821813,Afternoon Run,Run,2025-12-24T23:06:00Z,6437.4,2400,2400,,
16926300501,Bouldering Session,RockClimbing,2025-12-23T20:40:51Z,189.5,169,1793,111.6,155.0
16926300491,Bouldering Session,RockClimbing,2025-12-19T18:38:12Z,175.8,161,1794,113.0,153.0
16788107481,Lunch Ride,Ride,2025-12-19T12:47:40Z,23999.4,3648,3881,146.2,173.0
16773185154,Afternoon Ride,Ride,2025-12-17T14:43:33Z,54841.4,8698,10739,143.7,182.0
16753888672,Bouldering Session,RockClimbing,2025-12-15T16:55:39Z,113.5,138,888,110.0,149.0
16745807784,Sunday Evening Run,Run,2025-12-14T20:31:46Z,3385.5,1374,1554,132.5,160.0
16719525438,Random run 2.4 then home,Run,2025-12-11T22:45:52Z,4386.2,1686,1743,140.4,158.0
16708062775,Random walk with Kath,Walk,2025-12-10T13:32:47Z,4229.9,3540,4013,,
16700515854,Random walk,Walk,2025-12-09T21:58:37Z,1231.5,873,888,,
16690483362,Monday Evening Run,Run,2025-12-08T20:17:19Z,4385.7,1680,1799,139.2,151.0
16744338170,Bouldering Session,RockClimbing,2025-12-08T18:25:13Z,240.1,289,2235,124.1,158.0
16671064815,Afternoon Run,Run,2025-12-06T17:10:58Z,3730.8,1764,1881,,
16613477345,Sunday Morning Run,Run,2025-11-30T10:54:33Z,4760.5,1822,1902,143.3,171.0
16604078277,Saturday Morning Hike,Hike,2025-11-29T11:37:52Z,5496.2,4706,5460,94.5,155.0
16557921213,Monday Afternoon Run,Run,2025-11-24T16:54:36Z,3088.2,1163,1187,129.5,156.0
16539610482,Saturday Afternoon Hike with kath,Hike,2025-11-22T14:48:27Z,6471.1,4963,6761,89.9,115.0
16528918557,Friday Afternoon walk jog,Run,2025-11-21T16:20:23Z,4897.7,2242,2633,110.6,152.0
16511798199,Wednesday Night Run,Run,2025-11-19T22:30:05Z,2998.6,1080,1096,141.4,160.0
16501575752,Tuesday Evening Run,Run,2025-11-18T20:34:39Z,3233.3,1354,1433,117.6,137.0
16480887790,Sunday Afternoon Run,Run,2025-11-16T16:42:02Z,3266.9,1267,1331,122.6,142.0
16389667771,Bouldering Session,RockClimbing,2025-11-05T20:48:37Z,201.2,176,1794,134.3,172.0
16337655359,Afternoon Ride,Ride,2025-11-02T16:55:12Z,12813.3,2314,2525,144.2,168.0
16595329018,Bouldering Session,RockClimbing,2025-10-30T20:47:56Z,214.8,147,1793,95.0,146.0
16595329017,Bouldering Session,RockClimbing,2025-10-30T20:47:56Z,219.9,280,1793,98.4,146.0
16278037287,Afternoon Ride,Ride,2025-10-27T17:24:10Z,19227.4,3633,3976,141.6,172.0
16140674106,Bouldering Session,RockClimbing,2025-10-11T10:28:51Z,748.7,717,7192,113.8,170.0
16140674017,Bouldering Session,RockClimbing,2025-10-11T10:28:51Z,748.7,717,7192,113.8,170.0
16122074573,"Another Dyno V8, overhang",RockClimbing,2025-10-08T21:07:18Z,294.0,255,2569,124.2,174.0
16122074152,Bouldering Session,RockClimbing,2025-10-05T11:04:05Z,203.8,246,1786,125.5,159.0
16122074626,Bouldering Session,RockClimbing,2025-10-02T18:50:38Z,406.1,319,4055,96.7,152.0
16011901099,V8 👑,RockClimbing,2025-09-29T20:34:11Z,200.7,200,1793,96.0,147.0
15959485142,I ate burrito,Ride,2025-09-27T16:38:59Z,20510.4,3629,6713,128.8,166.0
15926749692,Flat tire!!!! WHY?!?! 🌈,Ride,2025-09-24T15:12:32Z,13238.6,1801,4516,137.1,163.0
15893802611,❤️ 🧭 Ride,Ride,2025-09-21T16:32:04Z,7884.6,1327,1389,,
15880333075,Morning Ride,Ride,2025-09-20T07:32:54Z,19310.1,2750,2832,151.6,175.0
15861293045,Bouldering Session,RockClimbing,2025-09-10T20:52:04Z,204.4,153,2184,94.1,164.0
15747949946,Bouldering Session,RockClimbing,2025-09-08T20:30:20Z,568.1,299,5151,108.2,165.0
15666244776,Monday Afternoon Hike,Hike,2025-09-01T16:58:25Z,9658.4,8221,10084,98.8,138.0
15643222892,Afternoon Ride got too hot,Ride,2025-08-30T15:42:47Z,29605.0,4696,5799,146.6,185.0
15641960414,Saturday Morning Hike,Hike,2025-08-30T10:05:17Z,3754.9,3410,3624,108.9,153.0
15582911055,Bouldering Session - very messy V6,RockClimbing,2025-08-24T19:02:40Z,531.7,198,6458,124.6,171.0
15575701608,Afternoon Ride - Mt. Tam peeking out behind me,Ride,2025-08-24T15:10:16Z,37069.9,5773,6278,147.9,187.0
15551227864,Afternoon Walk,Walk,2025-08-22T14:10:56Z,3878.5,3216,3373,87.3,110.0
15576619145,Bouldering Session,RockClimbing,2025-08-21T19:07:12Z,576.2,513,5442,112.0,159.0
15537184572,3 year climbing summary,RockClimbing,2025-08-18T14:54:20Z,561.5,709,4633,110.4,162.0
15506241034,Bouldering Session,RockClimbing,2025-08-16T10:22:17Z,171.8,106,1704,112.9,145.0
15506241033,Bouldering Session,RockClimbing,2025-08-16T10:22:17Z,171.7,191,1704,111.9,145.0
15481076390,Evening Walk,Walk,2025-08-15T19:09:34Z,3241.6,2444,2444,94.6,115.0
15462995181,Bouldering Session,RockClimbing,2025-08-13T14:57:26Z,449.7,584,3193,104.3,160.0
15436204988,Morning Ride,Ride,2025-08-12T09:29:44Z,38400.5,5801,6973,153.5,182.0
15426521629,Afternoon Weight Training,WeightTraining,2025-08-11T22:43:52Z,0.0,1800,1800,,
15423666118,My 5th V8 complete. Benchmark Sunday session.,RockClimbing,2025-08-10T13:16:55Z,645.4,667,5389,103.9,157.0
15436157324,Evening Ride,Ride,2025-08-09T19:45:41Z,3827.3,673,802,,
15415467510,Bouldering Session,RockClimbing,2025-08-09T16:18:36Z,468.3,518,4061,105.3,157.0
15403530764,Saturday Morning Hike,Hike,2025-08-09T11:56:08Z,4542.4,3803,3936,101.2,145.0
15394064752,Evening Walk,Walk,2025-08-08T19:31:05Z,3232.3,2365,2868,85.7,129.0
15383616018,Evening Walk,Walk,2025-08-07T18:33:56Z,4837.7,4214,7539,99.1,133.0
15382973182,Afternoon Ride,Ride,2025-08-07T14:36:59Z,34265.3,5315,5714,151.9,186.0
15379360339,Evening Walk,Walk,2025-08-06T18:30:46Z,3004.8,2427,11380,91.2,113.0
15347298697,Bouldering Session - every V4 at Benchmark,RockClimbing,2025-08-04T15:13:31Z,307.6,86,2426,113.9,151.0
15344415391,Bouldering Session,RockClimbing,2025-08-03T19:22:22Z,332.7,477,2796,94.6,163.0
15344411803,Evening Walk,Walk,2025-08-03T18:17:54Z,3985.8,3273,3537,84.5,117.0
15335099292,Sunday Afternoon Hike with Kath and Galio,Hike,2025-08-03T12:49:11Z,4058.9,3442,3536,101.7,147.0
15324676020,Afternoon Hike,Hike,2025-08-02T15:47:34Z,4917.6,4253,4844,,
15325650378,Saturday Afternoon Walk,Walk,2025-08-02T13:54:15Z,3369.4,2649,2884,87.5,119.0
15322715663,Saturday Morning Walk,Walk,2025-08-02T11:29:03Z,1561.1,1369,2096,90.5,106.0
15344415417,Bouldering Session,RockClimbing,2025-08-01T13:33:51Z,689.3,582,6181,113.5,169.0
15304847634,Climbing at Bridges with Kath,RockClimbing,2025-08-01T03:00:00Z,0.0,3600,3600,,
15280086299,Afternoon Ride,Ride,2025-07-29T13:32:39Z,35221.6,5649,6325,143.7,184.0
15270096505,Evening Walk,Walk,2025-07-28T18:40:07Z,5175.7,4276,4716,87.7,116.0
15279227905,Evening Ride,Ride,2025-07-27T19:44:11Z,3101.6,497,545,,
15344412070,Evening Walk,Walk,2025-07-25T19:11:50Z,6618.1,3435,4789,82.6,114.0
15226691577,Afternoon Rock Climb at Mosaic with Kath,RockClimbing,2025-07-24T16:30:00Z,0.0,3600,3600,,
15225477090,Afternoon Ride,Ride,2025-07-24T13:16:28Z,24161.3,3714,4558,144.8,169.0
15216922133,Night Ride,Ride,2025-07-23T21:16:49Z,3252.4,578,625,,
15205498542,Evening Walk,Walk,2025-07-22T20:16:59Z,4115.5,3369,3741,82.1,106.0
15194017226,Evening Walk,Walk,2025-07-21T20:38:20Z,2720.2,1925,2681,96.7,117.0
15182183938,Afternoon Ride,Ride,2025-07-20T16:50:56Z,13008.7,1851,2464,135.4,163.0
15083783589,Afternoon Ride,Ride,2025-07-11T14:50:52Z,41369.8,6839,8125,139.0,174.0
15074044682,Afternoon Ride,Ride,2025-07-10T16:18:55Z,14379.0,2687,2958,145.0,171.0
15062239698,Afternoon Walk,Walk,2025-07-09T14:01:28Z,1821.8,1143,1569,100.1,107.0
15053070788,Evening Walk,Walk,2025-07-08T20:12:54Z,3366.5,2487,2758,89.6,116.0
15052817936,Tuesday Afternoon Hike with Kath,Hike,2025-07-08T16:48:36Z,4115.6,3420,3563,103.1,137.0
15036311422,Morning Ride,Ride,2025-07-07T08:48:25Z,3489.4,613,798,134.6,154.0
15019523969,Saturday Afternoon Hike,Hike,2025-07-05T15:38:43Z,2421.7,2108,2196,93.3,126.0
15008859889,Test ride,Ride,2025-07-04T14:50:05Z,3311.7,980,1063,114.3,144.0
14990384110,Evening Walk,Walk,2025-07-02T20:30:17Z,2491.3,1907,2142,83.6,105.0
14979799736,Evening Walk,Walk,2025-07-01T20:32:10Z,2706.9,2092,2092,91.4,107.0
14976865972,Lunch Walk,Walk,2025-07-01T12:30:25Z,1868.8,1073,1263,98.1,144.0
14820556272,Afternoon Yoga,Yoga,2025-06-16T18:44:00Z,0.0,3600,3600,,
14756337326,Vital Brooklyn Climb - 3 purples (V6/V7) 🦄,RockClimbing,2025-06-10T14:08:42Z,0.0,8400,8400,,
14739316828,Brooklyn Bouldering Project,RockClimbing,2025-06-08T22:06:53Z,0.0,5400,5400,,
14726858960,Afternoon Hike,Hike,2025-06-06T15:35:04Z,5048.6,3901,3932,,
14689963389,Evening Ride,Ride,2025-06-03T19:03:12Z,15240.4,2458,3040,136.9,160.0
14625391913,Bike packing leg 6: the return,Ride,2025-05-28T12:04:23Z,36002.8,6832,8500,131.9,162.0
14623047197,Bike Packing leg 5: San Juan island,Ride,2025-05-28T09:00:12Z,18856.1,3312,4298,134.7,157.0
14623047170,Bike Packing leg 4: San Juan island,Ride,2025-05-27T17:00:15Z,19216.4,3679,5771,131.5,158.0
14615521530,Bike packing leg 3: Mt Constitution,Ride,2025-05-27T09:06:01Z,39736.7,8819,22885,127.9,153.0
14615167451,Bike packing leg 2: Orcas Island,Ride,2025-05-26T16:47:49Z,23944.0,5583,6673,134.3,165.0
14604914219,Bike packing leg 1!,Ride,2025-05-26T12:03:03Z,37885.5,7215,9298,125.1,159.0
14595871086,Morning Hike,Hike,2025-05-25T10:24:04Z,6911.6,6043,6961,,
14568435706,Morning Walk,Walk,2025-05-23T08:32:50Z,2313.8,1931,1984,87.6,107.0
14563988964,Mt Pilatus peak,Hike,2025-05-22T15:46:50Z,716.9,898,1215,95.8,134.0
14554682428,Lucern Hike and walk to dinner,Hike,2025-05-21T15:16:59Z,9245.0,7767,10734,89.5,124.0
14554656344,Lucerne Morning Walk with Kath,Walk,2025-05-21T10:15:33Z,6392.1,5961,14351,85.6,119.0
14539727794,Innsbruck Bike Ride with Kath,Ride,2025-05-20T13:10:55Z,16087.7,3905,4261,93.7,110.0
14529945777,Hike to Alpenzoo,Walk,2025-05-19T15:39:15Z,5309.2,5246,8393,92.0,134.0
14529942702,Monday Morning Walk in Innsbruck,Walk,2025-05-19T11:51:41Z,4710.3,3990,10160,84.0,111.0
14526257686,Innsbruck Morning Walk,Walk,2025-05-19T09:11:35Z,3868.2,2773,2773,82.1,104.0
14518218703,Sunday Afternoon Hike,Hike,2025-05-18T13:16:26Z,1912.4,1602,1732,82.1,109.0
14517333396,Sunday Morning Hike,Hike,2025-05-18T11:48:40Z,1134.7,1385,2793,94.5,122.0
14515739998,Bouldering Session Innsbruck,RockClimbing,2025-05-17T17:09:12Z,644.8,484,6654,106.5,163.0
14494400763,Evening Walk,Walk,2025-05-15T19:42:35Z,1998.7,1576,3582,88.5,107.0
14488885346,Bouldering Session,RockClimbing,2025-05-14T15:06:25Z,508.8,62,4406,123.9,162.0
14482181292,Bouldering Session,RockClimbing,2025-05-09T19:23:12Z,184.0,2,1487,133.0,159.0
14482181303,Bouldering Session,RockClimbing,2025-05-04T21:18:03Z,171.1,155,1493,111.2,139.0
14396015453,Bouldering Session,RockClimbing,2025-05-03T10:05:31Z,170.1,175,1496,115.7,164.0
14396015439,Bouldering Session,RockClimbing,2025-05-03T10:05:31Z,179.8,193,1496,116.0,164.0
14380018098,Wildcat Canyon,Ride,2025-05-01T20:28:51Z,26161.5,4703,17541,130.2,164.0
14350451816,Afternoon Ride,Ride,2025-05-01T16:51:35Z,61540.6,8860,12435,145.0,171.0
14482181304,Bouldering Session,RockClimbing,2025-04-30T18:19:20Z,168.6,206,1492,100.6,144.0
14482181222,Bouldering Session,RockClimbing,2025-04-29T16:23:47Z,164.6,83,1493,101.8,149.0
14316743164,Afternoon Ride,Ride,2025-04-28T17:26:45Z,46431.3,5836,6239,148.8,175.0
14370767984,Climb,RockClimbing,2025-04-27T16:33:23Z,1238.1,1683,8783,95.8,160.0
14267895370,Evening Walk,Walk,2025-04-23T19:00:16Z,3219.3,2524,2863,87.3,122.0
14256499166,Afternoon Ride,Ride,2025-04-22T14:40:33Z,51284.1,8066,9543,135.0,163.0
14237102992,Afternoon Ride,Ride,2025-04-20T17:16:11Z,46698.7,5986,6315,146.8,180.0
14259054614,Bouldering Session,RockClimbing,2025-04-19T13:33:28Z,540.1,702,4256,108.0,167.0
14217914183,Afternoon Walk,Walk,2025-04-17T14:15:14Z,7567.7,6939,17037,91.0,125.0
14197687809,Bouldering Session,RockClimbing,2025-04-15T18:54:30Z,817.5,423,8858,108.7,161.0
14179540906,Evening Walk,Walk,2025-04-14T18:39:22Z,4510.0,3286,3660,98.6,116.0
14184250285,Monday Afternoon Yoga,Yoga,2025-04-14T16:33:21Z,0.0,3477,3477,83.8,124.0
14178107782,Afternoon Ride,Ride,2025-04-14T14:45:13Z,35778.6,4901,5191,,
14189554210,Bouldering Session,RockClimbing,2025-04-13T20:16:25Z,447.9,60,5139,114.4,165.0
14170993256,Bouldering Session,RockClimbing,2025-04-11T15:19:38Z,665.0,692,6149,116.1,170.0
14141401456,Thursday Evening Walk,Walk,2025-04-10T18:32:39Z,4137.0,2912,3078,94.4,112.0
14170993293,Bouldering Session,RockClimbing,2025-04-10T15:19:54Z,613.7,723,4570,122.0,170.0
14140623495,Bouldering Session,RockClimbing,2025-04-07T19:13:43Z,366.3,326,3186,112.7,166.0
14111397461,Monday Evening Walk,Walk,2025-04-07T18:41:51Z,2384.9,1543,1543,92.7,108.0
14102617367,Bouldering Session,RockClimbing,2025-04-05T15:43:44Z,610.2,610,5005,107.1,160.0
14090911033,Bouldering Session,RockClimbing,2025-04-04T14:45:28Z,564.6,643,4396,92.5,137.0
14072571248,Short n sweet,Ride,2025-04-03T16:33:56Z,35499.1,4419,4678,158.4,184.0
14071945197,"Two new V6s, one V6 repeat",RockClimbing,2025-04-02T19:55:19Z,487.0,519,3835,128.4,180.0
14064565137,Bouldering Session,RockClimbing,2025-03-31T18:55:40Z,539.8,585,4707,104.4,158.0
14043260511,Monday Evening Walk,Walk,2025-03-31T18:17:11Z,2643.3,2051,2278,84.2,116.0
14064565106,Bouldering Session,RockClimbing,2025-03-29T19:05:53Z,653.9,0,6275,,175.0
14021033594,Morning Ride,Ride,2025-03-29T09:55:40Z,24984.5,3534,3900,142.1,168.0
14043438538,Bouldering Session,RockClimbing,2025-03-27T16:46:16Z,296.6,275,2496,105.8,158.0
14024697634,Bouldering Session,RockClimbing,2025-03-26T18:48:46Z,417.5,406,3422,101.9,167.0
13949091835,Friday Afternoon kayak,StandUpPaddling,2025-03-21T14:39:37Z,3165.0,3529,4211,81.6,104.0
13941068028,Thursday Afternoon Cycle,Ride,2025-03-20T14:42:52Z,40079.4,7279,8108,134.2,176.0
13931001263,Wednesday Afternoon Cycle,Ride,2025-03-19T14:15:26Z,11470.5,2158,3154,123.8,159.0
13921273855,Tuesday Morning Cycle,Ride,2025-03-18T10:58:18Z,44455.0,9166,14195,127.6,169.0
13912786522,Monday Morning Hike,Hike,2025-03-17T10:25:13Z,4942.5,5088,5837,110.9,151.0
13902030745,Morning Walk,Walk,2025-03-16T10:02:26Z,4579.8,3585,5330,91.3,122.0
13875893292,2 V6 @ Stanford!,RockClimbing,2025-03-12T18:08:04Z,783.9,531,6764,136.3,176.0
13867572396,Bouldering Session,RockClimbing,2025-03-10T19:09:33Z,558.7,37,5957,113.9,176.0
13828336968,Saturday Afternoon Hike,Hike,2025-03-08T13:54:13Z,10265.0,8327,8889,100.7,141.0
13867572632,Bouldering Session,RockClimbing,2025-03-07T13:43:25Z,961.3,1008,8288,107.2,169.0
13867561951,Bouldering Session,RockClimbing,2025-03-07T13:21:52Z,2.9,0,33,,76.0
13801726722,Lunch Rock Climb,RockClimbing,2025-03-05T12:06:43Z,0.0,5599,5599,,
13867562127,Bouldering Session,RockClimbing,2025-03-02T12:57:59Z,936.3,1147,7013,109.2,162.0
13867562172,Bouldering Session,RockClimbing,2025-02-28T15:52:50Z,903.0,724,7604,98.9,169.0
13737606941,Evening Walk,Walk,2025-02-26T19:20:42Z,2281.2,1747,1787,,
13736657817,Wednesday Evening Yoga,Yoga,2025-02-26T17:07:32Z,0.0,1130,1130,81.4,97.0
13736230114,Afternoon Ride,Ride,2025-02-26T15:36:34Z,9472.2,1617,2653,129.7,155.0
13728705508,Tuesday Evening Walk,Walk,2025-02-25T20:12:57Z,3447.0,2254,2254,88.4,107.0
13753486381,Bouldering Session,RockClimbing,2025-02-25T15:37:34Z,337.0,468,3308,115.6,165.0
13718877347,Monday Evening Walk,Walk,2025-02-24T19:00:22Z,2583.8,1997,3304,86.1,102.0
13726748251,Bouldering Session,RockClimbing,2025-02-22T14:29:30Z,1031.7,1077,8252,98.4,171.0
13698143631,Two new V6s,RockClimbing,2025-02-21T16:21:35Z,440.3,505,3464,107.0,165.0
13698143395,Bouldering Session,RockClimbing,2025-02-19T14:34:26Z,236.3,80,2381,120.7,167.0
13698143660,Bouldering Session,RockClimbing,2025-02-14T18:58:57Z,998.5,423,8906,95.1,129.0
13629667290,Bouldering Session,RockClimbing,2025-02-14T14:49:28Z,381.8,345,3137,97.3,151.0
13620631194,Thursday Afternoon Weight Training,WeightTraining,2025-02-13T16:48:29Z,0.0,1227,1227,99.9,156.0
13627657759,Bouldering Session,RockClimbing,2025-02-11T16:46:22Z,301.4,319,2739,123.5,175.0
13573499232,Bouldering Session,RockClimbing,2025-02-05T19:26:45Z,488.7,442,5140,118.8,169.0
13549536905,Cold and windy bike,Ride,2025-02-04T15:56:07Z,20660.1,3645,4189,124.3,148.0
13539125896,Weighted pull ups,WeightTraining,2025-02-02T20:00:00Z,0.0,1800,1800,,
13573499172,Bouldering Session,RockClimbing,2025-02-01T13:26:20Z,480.3,99,4592,106.1,166.0
13573498827,Bouldering Session,RockClimbing,2025-01-31T16:11:21Z,370.8,487,2934,122.3,169.0
13496154723,Weighted pull Ups,WeightTraining,2025-01-30T20:48:53Z,0.0,1500,1500,,
13477694369,Weighted Pull Ups,WeightTraining,2025-01-28T14:49:39Z,0.0,1327,1327,107.3,151.0
13461414641,Afternoon Ride,Ride,2025-01-26T15:17:13Z,25154.2,3915,4236,148.5,174.0
13452062907,Weighted Pull-ups + light hang board and slack line,WeightTraining,2025-01-25T16:04:41Z,0.0,1803,1803,110.5,154.0
13573499010,Bouldering Session,RockClimbing,2025-01-23T16:35:06Z,380.6,392,3194,119.7,167.0
13417388384,Tuesday Afternoon Yoga with Kath,Yoga,2025-01-21T14:58:30Z,0.0,1677,1677,87.7,116.0
13573498725,Bouldering Session,RockClimbing,2025-01-20T20:15:37Z,666.4,689,5723,111.2,172.0
13435269189,Bouldering Session,RockClimbing,2025-01-15T19:11:52Z,630.6,153,5417,104.9,160.0
13366494314,Bouldering Session,RockClimbing,2025-01-13T20:27:40Z,338.1,349,3042,103.2,153.0
13338365888,Sunday Ride 🚴🏻,Ride,2025-01-12T14:05:49Z,36931.6,6033,6779,143.0,171.0
13320557889,Ice cream run,Run,2025-01-10T19:10:11Z,1769.1,822,865,125.3,138.0
13325656413,Vital Lower East Side - A bordering haven 🌈,RockClimbing,2025-01-10T15:39:26Z,421.5,482,3715,103.0,147.0
13313448767,"First V6 of 2025. A dyno, naturally.",RockClimbing,2025-01-09T21:06:40Z,508.4,94,3938,135.4,166.0
13313446271,Bouldering Session,RockClimbing,2025-01-06T16:12:21Z,393.8,195,3608,103.0,153.0
13276716531,Sunday Afternoon Yoga,Yoga,2025-01-05T16:35:02Z,0.0,3387,3387,77.0,108.0
13277668637,Bouldering Session,RockClimbing,2025-01-04T19:37:27Z,501.6,501,4035,102.9,163.0
13268747669,Bouldering Session,RockClimbing,2025-01-02T18:54:46Z,825.1,632,6282,109.3,169.0
13219427395,Bouldering Session,RockClimbing,2024-12-28T20:34:08Z,406.0,121,3605,114.6,161.0
13219432065,Bouldering Session,RockClimbing,2024-12-27T20:00:45Z,143.4,76,1492,95.4,159.0
13330464159,Afternoon Ride,Ride,2024-12-23T14:03:23Z,30376.4,4999,5793,129.3,161.0
13191004345,Bouldering Session + cold plunge 46° F 3 min,RockClimbing,2024-12-21T19:28:10Z,646.3,170,6483,99.6,161.0
13158044008,New SBP! The vault 🔒,RockClimbing,2024-12-20T14:45:21Z,305.5,68,3824,119.3,165.0
13144326913,This has got to be peak Seattle winter. Cascades were gorgeous today,Ride,2024-12-18T10:14:05Z,30486.2,5461,6396,133.2,160.0
13131072032,Afternoon Ride,Ride,2024-12-14T16:59:04Z,19230.5,2929,167831,151.5,173.0
13117389644,Afternoon Ride,Ride,2024-12-14T15:37:56Z,18590.1,2989,3285,89.0,172.0
13047772593,Wednesday Afternoon Pool Swim,Swim,2024-12-04T13:08:22Z,1236.6,2067,2151,142.0,169.0
12947753853,Lpap post test,Swim,2024-11-20T22:44:57Z,823.0,900,900,,
12932258569,Monday Afternoon Pool Swim,Swim,2024-11-18T13:05:45Z,1374.0,2206,2293,147.1,172.0
12894527856,Wednesday Afternoon Pool Swim,Swim,2024-11-13T13:08:28Z,1374.0,2290,2642,147.7,170.0
12896324712,Monday Afternoon Pool Swim,Swim,2024-11-11T13:14:13Z,1030.5,1833,1839,128.8,155.0
12878246877,Monday Afternoon Pool Swim,Swim,2024-11-11T13:06:35Z,251.9,357,508,111.1,148.0
12824244969,Lpap,Swim,2024-11-04T21:45:07Z,1234.4,2400,2400,,
13158034003,Bouldering Session,RockClimbing,2024-11-01T19:58:32Z,491.8,281,5877,119.6,159.0
12783591348,Lpap canceled lighting fast,Swim,2024-10-30T13:04:38Z,480.9,655,839,148.5,168.0
12783372152,Monday Afternoon Pool Swim,Swim,2024-10-28T13:04:12Z,1442.7,2370,2414,137.8,168.0
12728155581,Wednesday Afternoon Pool Swim,Swim,2024-10-23T13:08:11Z,1167.9,2196,2617,140.3,166.0
12783384349,Lpap,Swim,2024-10-21T13:07:17Z,1396.9,2261,2581,143.9,174.0
12695209785,Bouldering Session,RockClimbing,2024-10-18T21:06:28Z,705.1,704,6512,119.3,176.0
12793143657,Wednesday Afternoon Pool Swim,Swim,2024-10-16T13:08:00Z,1213.7,9667,10215,101.5,166.0
12689375761,Bouldering Session,RockClimbing,2024-10-13T18:03:52Z,519.6,671,4573,122.4,163.0
12624945622,Afternoon Ride,Ride,2024-10-10T16:08:21Z,22105.8,3012,3432,145.7,167.0
12616932457,Wednesday Afternoon Pool Swim,Swim,2024-10-09T13:07:03Z,1282.4,2255,2509,129.6,160.0
12610687519,Night Ride,Ride,2024-10-08T21:15:55Z,16574.3,2163,2163,133.1,171.0
12616916450,Tuesday Evening Yoga,Yoga,2024-10-08T17:03:22Z,0.0,1945,1945,81.0,113.0
12600793122,Monday Afternoon Pool Swim,Swim,2024-10-07T13:04:36Z,1374.0,2202,2444,133.5,160.0
12598544154,Morning Walk,Walk,2024-10-07T08:00:14Z,1982.4,1415,1549,92.6,105.0
12568733541,Evening Ride,Ride,2024-10-03T18:06:44Z,18396.8,2521,2616,138.5,175.0
12542284336,Monday Afternoon Pool Swim,Swim,2024-09-30T13:04:29Z,1305.3,2352,2552,149.3,171.0
12534905335,Evening Ride,Ride,2024-09-27T19:51:04Z,16336.3,2374,2835,123.4,151.0
12528307353,Bouldering Session,RockClimbing,2024-09-27T16:44:19Z,722.7,941,6562,109.0,174.0
12505105142,Lpap,Swim,2024-09-25T13:07:27Z,984.7,2159,2331,147.1,171.0
12486113175,LPAP,Swim,2024-09-23T13:05:28Z,1122.1,2370,2518,146.6,176.0
12484296003,Bouldering Session,RockClimbing,2024-09-20T20:42:27Z,833.5,1000,7690,116.2,168.0
12445340931,Lpap,Swim,2024-09-18T13:06:43Z,1511.4,2336,2466,135.4,171.0
12421149376,Bouldering Session - 3 hours total,RockClimbing,2024-09-15T16:02:59Z,1136.0,318,19815,113.5,166.0
12421089930,Bouldering Session,RockClimbing,2024-09-13T19:05:53Z,943.0,978,9631,114.5,169.0
12370184412,Lpap!!! Swim,Swim,2024-09-09T13:04:22Z,687.0,2210,2977,113.3,161.0
12421089837,Bouldering Session,RockClimbing,2024-09-06T20:40:01Z,809.2,179,7242,110.9,169.0
12346221224,Evening Ride,Ride,2024-09-06T18:33:44Z,15242.2,2104,2211,120.5,132.0
12329352665,Evening Ride,Ride,2024-09-04T19:49:38Z,18739.2,2524,2672,133.3,159.0
12328306789,Fitness Swimming LPAP,Swim,2024-09-04T13:07:09Z,480.9,2196,2373,111.2,155.0
12293705941,Evening Ride,Ride,2024-08-31T18:38:14Z,30619.9,3704,3815,150.1,179.0
12284260125,Hand is still quite raw,Ride,2024-08-30T15:47:33Z,20098.9,2688,3111,138.5,159.0
12269845600,Night Ride,Ride,2024-08-28T23:37:18Z,10153.8,1514,1597,,
12268823453,Evening Walk,Walk,2024-08-28T18:34:59Z,2335.0,1816,1816,88.2,99.0
12260882528,Crashed :(,Ride,2024-08-23T13:09:58Z,7700.3,1834,2765,,
12218644287,Mini ride. Great views!,Ride,2024-08-22T18:42:26Z,23202.3,3431,3990,,
12216439148,Thursday Morning Hike,Hike,2024-08-22T10:13:18Z,4653.5,4221,5793,104.8,140.0
12199363828,Morning Ride + coffee,Ride,2024-08-20T10:18:58Z,49078.8,7781,10682,,
12182458379,Chill ride with fam 🕶️,Ride,2024-08-18T10:39:46Z,30903.1,5598,7974,141.1,181.0
12167465869,Evening Run,Run,2024-08-16T20:36:48Z,3620.8,1576,1580,,
12157892408,Banana Republic V7🍌,RockClimbing,2024-08-15T13:48:22Z,545.7,433,4495,127.8,171.0
12157178840,Page Mill 🚵,Ride,2024-08-15T11:24:58Z,32487.1,5115,5313,,
12149793879,Swimmmmmy,Swim,2024-08-14T23:46:29Z,925.0,1860,1860,,
12157172400,Evening Ride,Ride,2024-08-14T19:43:43Z,5763.9,1285,2264,,
12157847385,Bouldering Session,RockClimbing,2024-08-13T14:27:10Z,725.3,481,6131,108.1,163.0
12128619875,Sunday Evening Run,Run,2024-08-11T20:35:16Z,3810.5,1555,1610,120.5,136.0
12121139751,Short morning spin,Ride,2024-08-11T07:43:34Z,11077.5,1998,2258,121.0,144.0
12106787902,Mt Raineer Nat Park,Hike,2024-08-09T14:03:10Z,9544.7,8830,10005,109.7,145.0
12140717439,Bouldering Session,RockClimbing,2024-08-08T20:58:20Z,333.3,359,3436,112.6,160.0
12098956666,Thursday Afternoon Run,Run,2024-08-08T15:35:58Z,3451.9,1448,1470,132.1,154.0
12088614971,Morning Walk,Walk,2024-08-07T10:04:13Z,2708.8,2378,2861,,
12101147134,Bouldering Session,RockClimbing,2024-08-06T19:48:10Z,562.8,547,6289,106.6,148.0
12087876476,Afternoon Ride,Ride,2024-08-06T16:30:44Z,8133.7,1056,3272,,
12073207330,Afternoon Rock Climb,RockClimbing,2024-08-05T15:53:24Z,0.0,4751,4751,,
12065311422,Sunday Evening Run,Run,2024-08-04T20:47:35Z,3064.8,1365,1377,120.7,144.0
12056948495,Saturday Evening Outdoor Swim,Swim,2024-08-03T20:08:13Z,427.8,343,1433,123.0,145.0
12035800905,FLAT TIRE. uber :(,Ride,2024-08-01T06:24:15Z,21412.5,2898,5342,,
12031804365,Swimming. Watch paused. Manual entry,Swim,2024-07-31T23:43:00Z,1225.0,2880,2880,,
12030560776,Run 🏃 1.77 Miles,Run,2024-07-31T20:05:32Z,2896.8,1409,1409,,
12030726001,Wednesday Afternoon Yoga,Yoga,2024-07-31T15:35:49Z,0.0,968,968,81.1,103.0
12030292118,Wednesday Afternoon Yoga,Yoga,2024-07-31T14:29:33Z,0.0,1083,1083,81.0,104.0
12023273391,Tuesday Evening Pool Swim,Swim,2024-07-30T18:44:55Z,1250.0,2302,2461,123.3,164.0
12023020108,Tuesday Evening Yoga,Yoga,2024-07-30T17:51:32Z,0.0,1156,1156,72.3,91.0
12014836435,🌎 🪐☄️➡️🚴🏻⬅️🛰️🚀🔭,Ride,2024-07-29T19:35:18Z,34185.0,4043,4301,,
11998324090,Saturday Evening Cycle,Ride,2024-07-27T19:54:44Z,32725.6,3807,3915,156.9,172.0
11996709272,Saturday Afternoon Pool Swim,Swim,2024-07-27T14:00:34Z,1000.0,1873,1974,124.2,159.0
11982433470,Thursday Evening Walk,Walk,2024-07-25T19:43:54Z,5873.9,4378,4517,94.8,118.0
11981857193,Thursday Evening Pool Swim,Swim,2024-07-25T17:38:24Z,2038.1,3198,3519,94.2,156.0
11979102279,Bouldering Session,RockClimbing,2024-07-24T22:04:07Z,318.1,288,2954,107.4,155.0
11973041799,Swim,Swim,2024-07-24T16:27:57Z,1671.7,2281,2399,140.9,163.0
11956087276,Monday Evening Weight Training,WeightTraining,2024-07-22T18:54:03Z,0.0,497,497,111.7,142.0
11955987477,Swim,Swim,2024-07-22T18:12:20Z,1465.6,1856,1960,142.8,168.0
11940023934,Testing ⚙️,Ride,2024-07-20T19:17:44Z,18189.8,2714,4499,,
11936253221,Saturday Morning Cycle,Ride,2024-07-20T06:42:06Z,64497.4,10243,11711,136.7,167.0
11935723198,Bouldering Session,RockClimbing,2024-07-19T20:42:55Z,488.0,327,4492,106.0,151.0
11923081522,Thursday Afternoon Pool Swim,Swim,2024-07-18T16:39:02Z,1700.0,3697,3785,113.0,155.0
11915309406,Peloton - 64 min Just Ride,Ride,2024-07-17T23:40:15Z,32193.1,3841,3841,138.1,165.0
11915832569,Backwards run,Run,2024-07-17T19:49:24Z,526.1,226,226,141.4,149.0
11907595187,Bouldering Session,RockClimbing,2024-07-16T20:31:13Z,728.5,164,7017,99.5,166.0
11897593255,Monday Afternoon Pool Swim: 2 miles ✅,Swim,2024-07-15T16:33:03Z,3274.7,6219,6518,118.3,168.0
11890680560,Sunday Evening Walk,Walk,2024-07-14T19:39:14Z,4982.8,3598,5861,92.8,123.0
11890381350,Sunday Evening Yoga,Yoga,2024-07-14T18:39:43Z,0.0,2741,2741,81.1,116.0
11889939415,Bouldering Session with REU Group,RockClimbing,2024-07-14T10:46:08Z,654.4,812,5963,115.0,168.0
11882160658,Bouldering Session,RockClimbing,2024-07-13T16:29:41Z,900.8,813,8000,112.2,165.0
11873084925,Friday Afternoon Pool Swim,Swim,2024-07-12T16:09:12Z,1374.0,4567,4704,106.7,169.0
11866156584,Thursday Afternoon Pool Swim,Swim,2024-07-11T16:39:53Z,2610.6,4998,5102,123.4,155.0
11858711374,Trainer,Ride,2024-07-11T00:13:01Z,30167.4,3655,3655,128.0,165.0
11858762443,Backward walk,Walk,2024-07-10T20:17:00Z,468.0,501,501,111.6,122.0
11839844597,Redwood Grove Walk,Walk,2024-07-08T10:35:46Z,2289.0,2029,2217,96.3,119.0
11834211530,Dog Patch. SF 🌁,RockClimbing,2024-07-07T14:03:09Z,525.4,744,4725,94.0,145.0
11833481620,The Oaks. Berkeley 🦉,RockClimbing,2024-07-07T10:28:41Z,270.2,308,2787,96.9,145.0
11825705666,Benchmark Berkeley 🫢,RockClimbing,2024-07-06T14:33:46Z,793.4,893,7838,112.3,173.0
11803553395,Wednesday Night Walk,Walk,2024-07-03T22:14:50Z,5461.1,4128,4460,91.3,136.0
11794965070,168⚡️ 60mins,Ride,2024-07-03T00:26:32Z,32192.1,3617,3617,139.2,178.0
11795073752,Tuesday Evening Weight Training,WeightTraining,2024-07-02T20:32:07Z,0.0,744,744,109.9,132.0
11791071805,Bouldering Session,RockClimbing,2024-07-01T21:50:55Z,359.5,321,3626,94.4,143.0
11779178618,Sunday Evening Weight Training,WeightTraining,2024-06-30T20:11:33Z,0.0,1796,1796,117.4,153.0
11779179077,Sunday Evening Cycle,Ride,2024-06-30T19:04:19Z,23376.5,2933,3141,149.8,169.0
11778843228,Sunday Evening Pool Swim,Swim,2024-06-30T18:28:03Z,850.0,1440,1499,134.6,166.0
11770986526,Trainer,Ride,2024-06-29T22:53:22Z,42711.5,5400,5400,125.3,152.0
11771106854,Saturday Evening Weight Training,WeightTraining,2024-06-29T19:27:38Z,0.0,1629,1629,87.8,111.0
11763557540,Friday Evening Weight Training,WeightTraining,2024-06-28T20:01:12Z,0.0,2028,2028,93.7,140.0
11763298737,Friday Evening Pool Swim,Swim,2024-06-28T19:15:02Z,1000.0,1754,1821,122.2,157.0
11756486729,Thursday Evening Cycle,Ride,2024-06-27T19:00:39Z,32478.5,4384,4635,145.4,187.0
11756036176,Thursday Evening Pool Swim,Swim,2024-06-27T17:40:23Z,1992.3,3750,3855,131.9,168.0
11749230815,Wednesday Night Run,Run,2024-06-26T23:03:04Z,4164.6,1507,1595,133.5,153.0
11741333883,Bouldering Session,RockClimbing,2024-06-25T21:35:00Z,446.6,414,4367,97.5,138.0
11732142319,Trainer PT2,Ride,2024-06-25T00:57:24Z,11264.8,1361,1361,146.2,166.0
11732046712,Trainer PT 1,Ride,2024-06-24T23:19:03Z,48281.2,5880,5880,136.6,161.0
11732193147,Evening Run,Run,2024-06-24T20:22:17Z,1610.0,660,666,145.0,154.0
11724299529,BIATHALON RUN,Run,2024-06-23T18:58:35Z,4822.4,1907,1970,165.2,176.0
11724298796,BIATHALON BIKE,Ride,2024-06-23T17:29:00Z,33853.6,4366,4622,155.8,183.0
11716225686,Saturday Evening Run,Run,2024-06-22T20:28:57Z,7003.0,2466,2507,152.7,166.0
11708488788,Friday Evening Run,Run,2024-06-21T20:26:25Z,5733.8,2127,2179,134.6,149.0
11654657103,Bouldering Session w/ varsha,RockClimbing,2024-06-14T21:30:28Z,445.1,490,4927,106.6,163.0
11653889359,Friday Evening Run: Sprint Tri 3/3,Run,2024-06-14T17:57:55Z,4821.8,1609,1622,171.6,177.0
11653888729,Friday Evening Cycle: Sprint Tri 2/3,Ride,2024-06-14T17:11:36Z,20220.4,2440,2440,154.8,172.0
11653887956,Friday Afternoon Pool Swim: Sprint Tri 1/3,Swim,2024-06-14T16:41:58Z,750.0,1027,1117,139.1,161.0
11646811123,Thursday Evening Pool Swim,Swim,2024-06-13T17:04:40Z,1950.0,3876,3879,123.0,158.0
11640169842,Bouldering Session w/ varsha,RockClimbing,2024-06-12T21:09:45Z,352.8,6,4058,103.7,157.0
11639706323,Wednesday Evening Run,Run,2024-06-12T19:47:54Z,5046.8,1619,1638,155.4,170.0
11631841328,Rec bike thinks it’s the middle of the night,Ride,2024-06-12T00:22:44Z,41858.7,5513,5513,124.2,146.0
11622668806,Afternoon Run,Run,2024-06-10T17:18:30Z,5956.0,2372,2372,127.6,141.0
11615540153,Sunday Evening Pool Swim,Swim,2024-06-09T17:14:23Z,1000.0,1694,1700,120.0,144.0
11607340723,Saturday Evening Pool Swim,Swim,2024-06-08T18:04:45Z,1000.0,1800,1872,122.6,144.0
11606070302,Bike at Rec,Ride,2024-06-08T17:10:35Z,40233.7,5380,5380,,
11606061315,Lunch Run,Run,2024-06-08T11:24:07Z,4829.0,2022,2022,131.5,148.0
11591724409,1 Mile Swim!!!,Swim,2024-06-06T16:43:52Z,1600.0,3776,3980,119.1,164.0
11640169521,Bouldering Session,RockClimbing,2024-06-05T21:09:54Z,297.6,246,3092,100.1,135.0
11584476337,Wednesday Afternoon Cycle,Ride,2024-06-05T16:58:42Z,24700.8,3365,4516,124.2,172.0
11575361278,Tuesday Evening Pool Swim,Swim,2024-06-04T17:01:54Z,1400.0,2951,3146,115.5,140.0
11567952592,Bike,Ride,2024-06-03T20:16:35Z,24093.1,3451,3832,128.3,175.0
11560229081,Sunday Evening Cycle,Ride,2024-06-02T20:11:02Z,14491.0,1970,2105,128.9,157.0
11548445714,Saturday Morning Run,Run,2024-06-01T07:56:16Z,5304.9,1833,2556,150.2,169.0
11534444992,Thursday Morning Indoor Cycle,Ride,2024-05-30T11:52:56Z,0.0,1944,1944,112.7,132.0
11529474024,Wednesday Evening Run,Run,2024-05-29T19:30:22Z,5937.5,2132,3316,146.6,163.0
11516516274,Tuesday Morning Pool Swim,Swim,2024-05-28T07:32:44Z,900.0,1811,1904,118.4,154.0
11505738802,Sunday Afternoon Run,Run,2024-05-26T14:57:07Z,7097.2,2517,2585,147.9,169.0
11505764853,Lunch Walk,Walk,2024-05-26T11:52:31Z,2088.4,778,866,87.9,103.0
11640169524,Bouldering Session,RockClimbing,2024-05-21T20:58:27Z,442.1,686,3709,94.5,144.0
11467720404,Tuesday Evening Run,Run,2024-05-21T17:38:35Z,6903.7,2041,2050,156.1,178.0
11459708438,Monday Afternoon Cycle,Ride,2024-05-20T16:57:27Z,4746.1,907,938,120.7,151.0
11459097529,Monday Afternoon Cycle,Ride,2024-05-20T15:20:55Z,5701.5,1009,1067,120.4,145.0
11451830895,Sunday Afternoon Cycle,Ride,2024-05-19T16:20:07Z,36789.3,5960,6532,125.6,153.0
11443600278,Chill Recovery Bike,Ride,2024-05-18T18:43:24Z,14829.2,4313,4597,112.5,153.0
11443121236,Rainy Saturday Afternoon Run 📈,Run,2024-05-18T16:33:00Z,10821.8,3548,3706,151.1,174.0
11435216353,Friday Afternoon Cycle,Ride,2024-05-17T14:22:05Z,65652.0,10238,13729,135.8,170.0
11421364716,Jamba Jog,Run,2024-05-15T19:25:49Z,9277.4,3654,4141,136.1,156.0
11413390439,Tuesday Evening Cycle,Ride,2024-05-14T18:14:05Z,31252.3,4791,4980,126.8,149.0
11405013575,Recovery walk jog,Run,2024-05-13T17:44:58Z,6209.1,2599,2942,120.5,149.0
11400977605,Seattle Asteroid Belt,Ride,2024-05-12T18:29:16Z,75919.7,11247,11565,144.0,168.0
11389406250,Afternoon Run,Run,2024-05-11T17:26:48Z,8051.2,3194,3220,147.5,173.0
11381411234,Friday Evening Cycle: Mercer Island Trails,Ride,2024-05-10T17:03:03Z,54844.1,9289,10444,143.6,172.0
11374173232,Walk Jog,Run,2024-05-09T18:57:21Z,8737.9,4411,5147,109.0,142.0
11357580586,Tuesday Afternoon Cycle,Ride,2024-05-07T16:27:27Z,43892.3,6880,7425,126.9,157.0
11325407294,Friday Afternoon Pool Swim,Swim,2024-05-03T16:37:56Z,1100.0,1999,2013,119.0,154.0
11318763741,Thursday Evening Cycle,Ride,2024-05-02T17:24:41Z,17639.1,2506,2779,129.7,157.0
11309758949,Disc Golf,Workout,2024-05-01T10:27:00Z,0.0,9509,9509,97.1,136.0
11296435379,Pully injury 🥸,RockClimbing,2024-04-29T20:17:55Z,309.7,355,3380,106.8,160.0
11294574272,Monday Afternoon Cycle,Ride,2024-04-29T16:25:54Z,41048.0,5249,5319,148.9,168.0
11287169634,Afternoon Ride,VirtualRide,2024-04-28T21:38:50Z,16415.3,1950,1950,,
11293359181,Flapper mode,RockClimbing,2024-04-28T18:41:33Z,490.7,354,4368,106.7,156.0
11287023159,More Treadmill,Run,2024-04-28T16:00:58Z,4845.0,1907,1907,131.2,149.0
11293359066,Bouldering Session,RockClimbing,2024-04-26T20:58:02Z,431.2,454,3913,103.9,157.0
11270994287,Tread mill recovery with kath,Run,2024-04-26T16:11:25Z,5151.0,2334,2334,119.9,140.0
11264884169,Recovery,Swim,2024-04-25T18:17:11Z,847.3,1552,1587,125.5,154.0
11256863355,Wednesday Afternoon Pool Swim,Swim,2024-04-24T15:51:16Z,1030.5,2187,2204,115.3,143.0
11249815405,Tuesday Evening Run,Run,2024-04-23T17:08:44Z,5162.7,1668,1702,149.4,162.0
11249624830,Tuesday Morning Tennis,Tennis,2024-04-23T10:50:26Z,0.0,3902,3902,124.5,168.0
11249622002,Tennis Warmup Jog,Run,2024-04-23T10:37:51Z,1082.7,314,329,150.9,168.0
11225273319,Century,Ride,2024-04-20T06:05:19Z,161241.0,18019,18586,149.7,178.0
11213060099,Thursday Afternoon Yoga,Yoga,2024-04-18T16:16:49Z,0.0,3066,3066,81.2,124.0
11190371138,Monday Afternoon Run,Run,2024-04-15T15:16:16Z,5270.2,1669,1704,154.7,171.0
11183350784,In’n’out’n’back,Ride,2024-04-14T10:42:34Z,53283.8,8096,11921,133.2,156.0
11176817142,Night Ride,Ride,2024-04-13T22:06:59Z,3404.1,633,676,,
11176213137,Herman park upgrade good run,Run,2024-04-13T19:54:34Z,5070.1,1739,1788,142.2,166.0
11219486353,Bouldering Session,RockClimbing,2024-04-12T20:17:27Z,367.4,436,3408,112.7,156.0
11293363286,Bouldering Session,RockClimbing,2024-04-11T22:00:13Z,297.9,147,2992,119.8,169.0
11152911843,Cramp the entire run :/,Run,2024-04-10T16:19:42Z,4372.5,2071,2262,121.1,154.0
11142923216,Post eclipse hike,Hike,2024-04-08T14:06:52Z,564.4,527,679,109.1,137.0
11139027248,Total Solar Eclipse Hike,Hike,2024-04-08T12:08:29Z,631.8,532,599,114.4,139.0
11130767717,Hot run,Run,2024-04-07T15:51:52Z,4892.1,1722,1777,141.6,165.0
11118775350,Shake out,Ride,2024-04-06T07:25:54Z,14477.2,2066,2133,140.3,171.0
11101907056,Wednesday Evening Cycle,Ride,2024-04-03T19:16:53Z,21677.2,3359,3389,144.4,187.0
11095178237,"Aero tandem isn’t real, it can’t get you! Aero tandem:",Ride,2024-04-02T18:02:51Z,12547.7,2033,5534,134.4,178.0
11079828420,Track closed ☹️🐸,Ride,2024-03-31T17:27:28Z,24339.9,3246,3246,153.1,181.0
11078669690,Pink V6 project complete,RockClimbing,2024-03-31T12:29:45Z,455.3,480,3927,103.7,143.0
11078329100,Bouldering Session,RockClimbing,2024-03-29T19:29:14Z,458.2,125,4393,130.9,166.0
11064965199,Friday Afternoon Cycle,Ride,2024-03-29T16:01:15Z,21648.7,3433,4362,146.7,190.0
11051903516,Wednesday Afternoon Cycle,Ride,2024-03-27T16:42:33Z,26214.8,3798,3798,129.3,167.0
11045623883,Tuesday Evening Cycle,Ride,2024-03-26T18:34:31Z,25171.8,3867,3935,114.1,135.0
10982452814,Delicate Arch Hike,Hike,2024-03-17T12:18:58Z,5533.8,5015,7107,102.1,134.0
10975339870,Canyon Lands “Strenuous” hike. Syncline Loop,Hike,2024-03-16T11:09:38Z,15189.5,15127,19883,110.6,159.0
10967972114,Mesa Verde part 2,Hike,2024-03-15T15:45:30Z,3003.4,1987,2251,147.9,175.0
10967973148,Petroglyph Hike in Mesa Verde,Hike,2024-03-15T14:32:24Z,2674.5,2807,3749,108.8,155.0
10962087672,Horseshoe Bend,Hike,2024-03-14T14:16:39Z,2969.5,2570,3882,91.4,127.0
10962090742,Exploring Zion Mountains,Hike,2024-03-14T08:32:50Z,1069.1,1034,2509,107.6,154.0
10954385238,Zion Narrows,Hike,2024-03-13T10:34:55Z,16196.8,15348,18736,124.2,164.0
11069308103,Bouldering Session,RockClimbing,2024-03-12T11:29:14Z,470.6,124,4900,98.0,153.0
10945876279,Bouldering Session,RockClimbing,2024-03-11T18:26:49Z,453.7,473,4319,106.7,161.0
10933807614,Sunday Evening Cycle,Ride,2024-03-10T18:35:51Z,18885.2,2567,2633,137.4,174.0
10940002998,Bouldering Session,RockClimbing,2024-03-09T16:47:27Z,504.1,0,5096,,156.0
10927531756,Bouldering Session,RockClimbing,2024-03-08T15:44:06Z,463.5,471,4165,97.6,145.0
10920214266,Bouldering Session,RockClimbing,2024-03-07T18:49:30Z,611.8,116,5444,100.8,162.0
10907451474,Wednesday Night Run,Run,2024-03-06T23:47:57Z,3531.6,1259,1286,137.8,155.0
10920214236,Bouldering Session,RockClimbing,2024-03-05T20:34:45Z,471.3,504,4840,105.5,162.0
10893078718,Did some backwards for shin strength,Run,2024-03-04T23:51:56Z,3208.3,1132,1137,139.2,163.0
10883577417,Time Trials,Ride,2024-03-03T10:53:02Z,20639.5,3239,4318,140.7,194.0
10900119061,Bouldering Session,RockClimbing,2024-03-02T22:02:10Z,453.1,551,3842,91.8,148.0
10878184732,Bouldering Session,RockClimbing,2024-03-01T19:48:13Z,340.2,157,3411,97.0,158.0
10865386898,Century’s challenge complete with >100 Flashes,RockClimbing,2024-02-29T19:35:14Z,762.7,4,8007,106.0,170.0
10865147069,Bouldering Session,RockClimbing,2024-02-27T21:43:50Z,462.2,508,3940,114.3,155.0
10843962870,I am a dasher now,Ride,2024-02-26T17:16:49Z,3815.5,743,877,130.6,154.0
10843713102,Monday Afternoon Cycle,Ride,2024-02-26T15:13:03Z,33536.0,4437,5456,138.8,165.0
10837999248,"1 V1, 2 V2, 3 V3, 4 V4, no V5 warmup post Plant coffee shop",RockClimbing,2024-02-25T14:10:52Z,831.8,1134,6638,98.5,150.0
10831053693,Saturday Night Run,Run,2024-02-24T21:57:15Z,3264.1,1043,1043,144.4,155.0
10823625804,Friday Evening Cycle on Frozone 🧊,Ride,2024-02-23T18:12:43Z,34417.4,5009,5179,143.8,185.0
10837993748,Did a V6 right after warm up and got hurt,RockClimbing,2024-02-22T20:08:22Z,467.6,363,7235,107.7,164.0
10814776060,New V8,RockClimbing,2024-02-21T20:09:14Z,640.6,132,5752,129.2,180.0
10796952448,Monday Evening Run,Run,2024-02-19T17:11:10Z,1419.5,468,479,140.0,152.0
10796910615,Afternoon Swim,Swim,2024-02-19T16:33:25Z,685.8,1738,1816,112.6,150.0
10790683466,Sunday Afternoon Cycle,Ride,2024-02-18T16:05:23Z,32788.0,4681,4775,143.8,185.0
10811614700,Bouldering Session,RockClimbing,2024-02-17T18:46:09Z,554.5,186,5102,112.1,173.0
10783281350,Strange solo OC ride and certs,Ride,2024-02-17T15:51:51Z,29150.4,4188,4814,142.1,171.0
10783673459,Bouldering Session,RockClimbing,2024-02-15T20:32:51Z,560.7,146,6325,114.8,171.0
10757483147,Tuesday Evening Run,Run,2024-02-13T18:20:31Z,5018.3,1735,1788,138.1,150.0
10744167402,Calling mom,Run,2024-02-11T17:27:38Z,3767.8,1229,1242,142.1,154.0
10736986966,Saturday Afternoon Run,Run,2024-02-10T16:47:46Z,3164.4,1107,1115,131.6,154.0
10730766514,First V8 @momentum! Also did new V1 - V6s during the sesh,RockClimbing,2024-02-09T17:12:21Z,695.7,753,6527,112.7,176.0
10724865756,Thursday Evening Cycle,Ride,2024-02-08T18:13:44Z,31476.9,4560,4604,145.0,190.0
10730225871,Bouldering Session,RockClimbing,2024-02-07T14:59:58Z,998.0,1365,8303,112.1,175.0
10704016017,First of the semester. Send love for my shins,Run,2024-02-05T16:07:20Z,1608.9,608,608,136.8,147.0
10703940209,Monday Afternoon Cycle,Ride,2024-02-05T14:31:15Z,33655.5,4791,4910,132.2,168.0
10698353794,Afternoon Ride,Ride,2024-02-04T22:53:35Z,25105.8,3600,3600,,
10691105437,Bouldering Session,RockClimbing,2024-02-03T16:30:35Z,463.2,443,4616,116.3,169.0
10683722277,Year of the 🐲 workout,Ride,2024-02-02T16:10:35Z,31859.7,4752,5031,143.6,188.0
10690741890,Bouldering Session,RockClimbing,2024-02-02T10:25:29Z,413.4,358,3972,95.3,150.0
10670212859,Bouldering Session,RockClimbing,2024-01-30T20:55:10Z,597.3,629,6023,115.6,175.0
10657098759,Monday Evening Cycle,Ride,2024-01-29T17:09:34Z,25946.4,3496,3496,137.8,168.0
10665001363,Another Dyno V7 with sketchy end😭🙃🍯,RockClimbing,2024-01-27T18:20:36Z,583.9,635,5902,115.3,164.0
10642842195,Saturday Afternoon Cycle,Ride,2024-01-27T15:10:35Z,23997.7,3655,3725,142.0,185.0
10643925665,Bouldering Session,RockClimbing,2024-01-26T19:56:33Z,828.6,1097,7923,104.0,159.0
10636549450,Bouldering Session,RockClimbing,2024-01-24T21:10:46Z,665.3,949,5590,125.8,169.0
10610729249,Evening Ride,Ride,2024-01-22T18:05:42Z,0.0,1557,1557,120.6,143.0
10604540572,Bouldering Session,RockClimbing,2024-01-21T16:51:27Z,34.9,42,289,123.4,140.0
10624402730,Top Rope Session,RockClimbing,2024-01-21T13:51:55Z,1089.9,125,9876,100.1,163.0
10603990886,Bouldering Session,RockClimbing,2024-01-21T13:04:11Z,303.3,319,2854,85.8,129.0
10591177103,Friday Evening Cycle,Ride,2024-01-19T17:17:06Z,2143.6,449,475,135.7,157.0
10590932030,Friday Afternoon Cycle,Ride,2024-01-19T16:13:30Z,30279.0,3742,3742,146.0,175.0
10603653334,Bouldering Session,RockClimbing,2024-01-19T09:49:11Z,526.8,223,5034,96.1,148.0
10585794304,Evening Ride,Ride,2024-01-18T18:02:27Z,36543.6,4898,4898,143.3,163.0
10582532101,Bouldering Session,RockClimbing,2024-01-17T20:54:23Z,710.5,992,6080,111.3,160.0
10576656065,Tuesday Night Yoga,Yoga,2024-01-16T22:25:48Z,0.0,1051,1051,74.3,99.0
10572558783,Afternoon Ride,Ride,2024-01-16T21:28:58Z,25266.8,3153,3153,,
10582531939,Bouldering Session,RockClimbing,2024-01-15T16:35:00Z,361.4,107,4204,109.9,161.0
10560613135,Bouldering Session,RockClimbing,2024-01-14T16:45:52Z,275.6,383,2243,116.0,162.0
10560610721,Top Rope Session,RockClimbing,2024-01-14T14:53:24Z,759.2,737,6741,108.1,176.0
10560414659,Bouldering Session,RockClimbing,2024-01-14T13:37:19Z,112.8,149,1014,104.2,157.0
10560613143,Bouldering Session,RockClimbing,2024-01-13T18:39:46Z,425.8,16,5300,104.4,163.0
10546020425,Friday Afternoon Cycle,Ride,2024-01-12T14:39:11Z,31083.9,4346,4389,136.0,167.0
10545256563,Bouldering Session,RockClimbing,2024-01-12T11:00:32Z,225.9,311,1584,111.8,162.0
10545256600,Limit Testing #1,RockClimbing,2024-01-12T09:09:08Z,607.6,893,4511,113.9,155.0
10534318589,Wednesday Afternoon Cycle,Ride,2024-01-10T16:22:15Z,33801.1,4733,4750,134.7,167.0
10528764376,Tuesday Night Yoga,Yoga,2024-01-09T22:38:24Z,0.0,2202,2202,83.2,107.0
10545256495,Bouldering Session,RockClimbing,2024-01-09T20:29:47Z,327.8,216,4583,106.6,164.0
10521545035,Monday Evening Yoga,Yoga,2024-01-08T18:25:43Z,0.0,2702,2702,86.4,123.0
10520697223,Chill with some sprints,Ride,2024-01-08T15:45:02Z,0.0,1315,1315,139.8,171.0
10524993082,Bouldering Session,RockClimbing,2024-01-07T18:10:58Z,596.6,723,5136,103.0,159.0
10513737657,Sunday Morning Cycle,Ride,2024-01-07T11:19:27Z,19840.1,2633,2658,143.6,157.0
10515253514,Bouldering Session,RockClimbing,2024-01-05T15:52:31Z,292.9,228,2990,109.3,145.0
10500577263,Friday Morning Hike with kath,Hike,2024-01-05T09:53:41Z,8483.2,6351,6635,102.5,134.0
10515253475,Bouldering Session,RockClimbing,2024-01-04T21:54:33Z,220.7,107,3560,107.9,150.0
10495510904,Afternoon Run with K and got smoothies,Run,2024-01-04T13:48:45Z,6292.6,2633,4514,123.5,142.0
10489622421,Afternoon Run,Run,2024-01-03T17:28:52Z,1825.6,523,527,149.4,165.0
10489660453,First Santa Clara Movement V7 (yellow),RockClimbing,2024-01-03T13:24:52Z,530.6,613,4493,113.6,163.0
10488748669,Bouldering Session,RockClimbing,2024-01-01T12:52:20Z,387.8,302,4537,121.3,165.0
10470059166,Morning Run,Run,2023-12-31T10:45:41Z,2873.4,983,996,148.1,173.0
10469978598,Morning Run,Run,2023-12-31T09:27:17Z,3007.8,1300,1386,140.8,162.0
10465613428,Bouldering Session,RockClimbing,2023-12-30T15:09:22Z,197.6,234,1941,118.7,164.0
10465615812,Top Rope Session,RockClimbing,2023-12-30T14:07:18Z,293.4,187,2986,113.8,177.0
10458164234,Run,Run,2023-12-29T19:46:05Z,4828.0,1765,1765,,
10459447703,Bouldering Session,RockClimbing,2023-12-29T16:34:35Z,472.4,430,4853,121.1,165.0
10458151833,Lunch Walk,Walk,2023-12-29T11:14:54Z,1407.9,1,1,96.0,96.0
10458201683,Bouldering Session,RockClimbing,2023-12-28T17:20:34Z,482.9,711,4154,111.2,169.0
10436424489,Christmas Hike,Hike,2023-12-25T14:00:43Z,6081.4,4731,5506,87.5,116.0
10432520186,Sunday Afternoon Run,Run,2023-12-24T15:32:57Z,1929.9,653,672,142.5,167.0
10427940661,Bouldering Session,RockClimbing,2023-12-23T20:41:24Z,322.3,370,2993,98.9,147.0
10427282642,Saturday Afternoon Cycle,Ride,2023-12-23T14:07:13Z,23332.2,4543,4858,134.2,170.0
10427852066,Bouldering Session,RockClimbing,2023-12-23T11:52:30Z,267.3,234,2797,111.0,157.0
10422120773,Friday Afternoon Run,Run,2023-12-22T15:40:44Z,7966.6,2754,2794,147.2,163.0
10417452946,Thursday Afternoon Run,Run,2023-12-21T16:05:32Z,5978.6,2128,2163,150.7,170.0
10422168459,part of yesterdays run?,Run,2023-12-21T15:55:41Z,915.0,293,300,127.5,145.0
10427411117,Bouldering Session,RockClimbing,2023-12-19T20:04:45Z,610.8,766,5211,108.1,173.0
10407589680,Tuesday Afternoon Cycle,Ride,2023-12-19T16:02:34Z,20311.4,3382,3413,140.6,169.0
10402083113,Monday Afternoon Run,Run,2023-12-18T14:50:08Z,4770.0,1790,1827,135.2,160.0
10423030443,Bouldering Session,RockClimbing,2023-12-17T19:14:54Z,420.3,161,5252,88.3,149.0
10391782714,Mini Triathlon 3/3 swim,Swim,2023-12-16T15:47:35Z,750.0,1425,1425,132.2,161.0
10391792915,Mini Triathlon 2/3 run,Run,2023-12-16T14:30:18Z,7339.4,2593,2803,162.5,174.0
10391793637,Mini Triathlon 1/3 bike,Ride,2023-12-16T12:54:36Z,27188.5,4752,5150,143.9,176.0
10387052506,Bouldering Session,RockClimbing,2023-12-15T14:54:32Z,466.9,381,3822,93.7,159.0
10381827054,Thursday Afternoon Cycle with luca,Ride,2023-12-14T14:16:50Z,42813.6,7703,8551,134.6,177.0
10386213518,Bouldering Session,RockClimbing,2023-12-13T19:00:07Z,597.3,566,5381,114.5,167.0
10376814551,Wednesday Afternoon Run,Run,2023-12-13T15:45:31Z,6445.5,2497,2569,130.9,154.0
10366682595,Bouldering Session,RockClimbing,2023-12-11T19:14:19Z,532.3,633,4348,112.9,173.0
10366266160,Afternoon Walk,Walk,2023-12-11T16:22:54Z,2945.6,2332,2332,89.0,122.0
10366680542,Colorado College bouldering session with Nico,RockClimbing,2023-12-10T16:14:57Z,850.5,664,7269,122.3,166.0
10354889927,Saturday Morning Hike with Nico,Hike,2023-12-09T11:55:05Z,5658.5,5427,5583,114.7,148.0
10351339688,Top Rope Session,RockClimbing,2023-12-08T17:07:17Z,419.0,357,3797,113.8,176.0
10350981843,Bouldering Session,RockClimbing,2023-12-07T20:24:13Z,546.2,2,5719,139.0,160.0
10335009203,Saw a weird creature with Marcus 🏃,Run,2023-12-05T17:10:07Z,4846.8,2179,2270,130.9,152.0
10329189403,Monday Afternoon Run,Run,2023-12-04T15:50:52Z,4789.6,2018,2288,126.5,146.0
10329811349,Bouldering Session,RockClimbing,2023-12-04T10:49:15Z,582.2,126,5928,125.0,171.0
10318415084,Addicted to Slab,RockClimbing,2023-12-01T19:41:23Z,914.2,669,9612,116.6,165.0
10311964643,Japanese Garden Jog,Run,2023-12-01T10:04:53Z,5794.1,2163,2367,146.8,164.0
10306429752,Bouldering Session,RockClimbing,2023-11-29T19:42:14Z,1229.8,640,9955,114.3,170.0
10304588630,Wednesday Evening Walk,Walk,2023-11-29T17:18:10Z,2501.5,2139,2236,83.2,96.0
10298899643,Bouldering Session,RockClimbing,2023-11-28T19:55:18Z,545.5,473,5396,123.6,171.0
10292450025,Monday Afternoon Run,Run,2023-11-27T15:50:22Z,5084.4,1899,2157,144.3,163.0
10290336089,Bouldering Session,RockClimbing,2023-11-24T10:27:13Z,394.6,483,4071,126.0,169.0
10271502996,Thursday Afternoon Hike,Hike,2023-11-23T14:35:01Z,7136.9,5656,6452,107.6,152.0
10265938608,Bouldering Session,RockClimbing,2023-11-22T12:40:11Z,610.7,698,5305,119.4,169.0
10264940005,Bouldering Session,RockClimbing,2023-11-19T17:43:26Z,728.8,782,6883,111.7,177.0
10242487993,Saturday Afternoon Cycle,Ride,2023-11-18T16:56:15Z,16349.6,3221,3514,112.4,149.0
10248830613,Bouldering Session,RockClimbing,2023-11-17T16:46:38Z,324.6,77,3867,113.1,165.0
10232202772,Bouldering Session,RockClimbing,2023-11-16T19:32:57Z,689.3,629,7340,116.6,171.0
10228897821,Evening Walk,Walk,2023-11-15T20:51:58Z,1472.5,433,433,83.2,93.0
10232198895,Bouldering Session,RockClimbing,2023-11-14T20:28:44Z,419.0,414,4237,102.7,150.0
10211284948,Night Walk,Walk,2023-11-12T21:55:47Z,2698.4,997,1181,89.6,104.0
10220474314,Bouldering Session,RockClimbing,2023-11-12T15:38:58Z,537.5,583,5664,98.9,153.0
10196593190,"New V7! Tiny angled overhang. (Pictured, red route)",RockClimbing,2023-11-10T16:15:40Z,476.6,609,3984,121.4,174.0
10186389683,Wednesday Night Cycle,Ride,2023-11-08T21:15:31Z,13705.4,2071,2071,123.9,148.0
10196574357,Bouldering Session,RockClimbing,2023-11-05T18:16:19Z,856.0,1217,7369,108.5,161.0
10155439447,Bouldering Session,RockClimbing,2023-11-03T15:19:55Z,605.6,761,5394,119.7,166.0
10126480462,Bouldering Session,RockClimbing,2023-10-27T14:57:32Z,454.7,582,3911,111.2,162.0
10126480542,Bouldering Session,RockClimbing,2023-10-25T19:17:48Z,865.2,1090,7212,109.1,164.0
10087406053,Bouldering Session,RockClimbing,2023-10-22T16:43:55Z,318.4,292,2609,109.3,151.0
10087406017,Bouldering Session,RockClimbing,2023-10-18T20:19:05Z,409.4,432,3871,111.4,166.0
10064224020,Afternoon Run,Run,2023-10-18T16:48:43Z,4922.4,1895,1895,146.9,171.0
10087405930,Bouldering Session,RockClimbing,2023-10-16T20:14:41Z,290.8,342,2995,98.1,146.0
10022137205,Afternoon Swim,Swim,2023-10-11T17:17:19Z,685.8,1328,1328,127.9,150.0
10012499483,ABP #3 climb sesh,RockClimbing,2023-10-09T14:03:56Z,0.0,2700,2700,,
10001362109,ABP #2,RockClimbing,2023-10-07T13:01:20Z,445.7,394,4110,109.5,163.0
9995810912,First ABP with kath,RockClimbing,2023-10-06T21:04:34Z,134.9,8,1776,130.0,159.0
9984608091,Evening Swim,Swim,2023-10-05T18:14:37Z,411.5,829,829,111.6,148.0
9995674861,Bouldering Session,RockClimbing,2023-10-04T21:02:57Z,539.9,371,5026,118.8,176.0
9977954591,Night Swim,Swim,2023-10-03T21:15:34Z,868.7,1911,1911,109.5,138.0
9965493010,Evening Swim,Swim,2023-10-02T18:36:30Z,914.4,1723,1723,125.7,151.0
9965500310,Bouldering Session,RockClimbing,2023-10-01T10:07:38Z,553.8,846,4635,104.7,167.0
9965500301,New V7,RockClimbing,2023-09-29T19:40:45Z,664.0,847,5992,126.2,169.0
9965494980,Bouldering Session,RockClimbing,2023-09-25T19:14:21Z,244.9,279,2131,109.1,151.0
9920946979,Bouldering Session,RockClimbing,2023-09-20T21:05:41Z,667.9,8,6247,118.3,163.0
9890354203,Afternoon Swim,Swim,2023-09-20T16:42:30Z,937.3,1751,1751,128.5,152.0
9876270099,Afternoon Swim🏊‍♂️,Swim,2023-09-18T16:48:19Z,1165.9,2218,2257,128.6,150.0
9863493891,Afternoon Swim,Swim,2023-09-16T17:12:31Z,750.0,1842,1842,115.3,149.0
9892958306,Bouldering Session,RockClimbing,2023-09-15T20:33:55Z,411.7,88,4130,120.4,170.0
9857259000,Bouldering Session,RockClimbing,2023-09-13T20:57:21Z,424.1,493,3866,116.4,167.0
9844258226,Why is swimming so hard!!!,Swim,2023-09-13T16:33:36Z,937.3,2114,2114,132.5,164.0
9835528149,First V7 at momentum,RockClimbing,2023-09-11T20:23:47Z,739.5,845,6752,101.6,165.0
9827944750,Morning Swim,Swim,2023-09-11T07:38:34Z,731.5,1533,1600,122.4,154.0
9824498081,Afternoon Swim,Swim,2023-09-10T14:32:45Z,1165.9,2503,2571,121.7,155.0
9830430534,Bouldering Session,RockClimbing,2023-09-09T18:22:41Z,526.3,655,4470,124.5,163.0
9811385872,Evening Swim,Swim,2023-09-08T19:36:23Z,937.3,1686,1686,141.2,164.0
9830430445,Bouldering Session,RockClimbing,2023-09-06T20:32:55Z,546.7,604,4493,128.1,173.0
9798319184,Afternoon Swim,Swim,2023-09-06T16:34:31Z,777.2,1704,1704,127.6,164.0
9761928872,Morning Swim,Swim,2023-09-01T07:42:48Z,750.0,1488,1488,120.5,154.0
9830430426,Bouldering Session,RockClimbing,2023-08-31T19:53:40Z,660.4,789,5744,113.5,174.0
9749319513,Morning Swim,Swim,2023-08-30T07:38:05Z,1275.0,2199,2199,135.6,171.0
9830430302,Bouldering Session,RockClimbing,2023-08-28T19:01:31Z,499.4,648,4267,110.6,167.0
9736944868,Morning pool time is fun,Swim,2023-08-28T07:37:54Z,1150.0,2166,2229,136.6,167.0
9733458653,Afternoon Ride,Ride,2023-08-27T15:19:50Z,0.0,3771,3771,131.8,165.0
9721419475,Bouldering Session,RockClimbing,2023-08-25T20:05:55Z,461.9,477,4062,105.6,158.0
9718129580,Morning Swim,Swim,2023-08-25T07:42:00Z,1000.0,2032,2032,127.6,165.0
9725150412,Peleton,Ride,2023-08-24T19:54:57Z,0.0,2180,2180,133.4,167.0
9721419352,Bouldering Session,RockClimbing,2023-08-23T19:40:25Z,452.6,388,4186,120.6,166.0
9706997140,Morning Swim,Swim,2023-08-23T07:34:28Z,1050.0,1940,1940,139.4,168.0
9702038203,Evening Ride,Ride,2023-08-22T18:20:57Z,0.0,2006,2006,130.8,156.0
9691642045,Morning Swim: swim team is crazy! I am so slow 😅,Swim,2023-08-21T07:43:21Z,775.0,1438,1438,134.0,161.0
9709202370,Bouldering Session,RockClimbing,2023-08-20T18:51:30Z,348.6,161,2992,109.5,150.0
9675412473,Afternoon Swim,Swim,2023-08-18T16:12:18Z,177.2,441,441,124.2,138.0
9688958132,Bouldering Session,RockClimbing,2023-08-18T10:26:57Z,568.6,531,5379,125.8,171.0
9661625892,Bouldering Session,RockClimbing,2023-08-15T21:38:59Z,116.5,118,1015,119.3,145.0
9653082668,Bouldering Session,RockClimbing,2023-08-12T18:29:20Z,412.4,490,3776,113.7,162.0
9624066351,3rd V7,RockClimbing,2023-08-10T20:09:34Z,607.5,529,6572,108.2,165.0
9617163145,Pinole Valley P2,Ride,2023-08-09T18:54:27Z,12394.5,2576,2645,144.5,163.0
9617162943,Pinole Valley P1,Ride,2023-08-09T16:40:30Z,45067.8,7814,8008,149.1,177.0
9619944156,Bouldering Session,RockClimbing,2023-08-08T18:17:36Z,638.3,712,5969,107.6,161.0
9609174631,Tuesday Afternoon Pool Swim,Swim,2023-08-08T13:24:15Z,1050.0,2436,2443,109.0,154.0
9606384967,Night Walk,Walk,2023-08-07T21:29:18Z,3067.0,1486,1556,88.8,110.0
9603089160,🍓canyon with Luca,Swim,2023-08-07T16:09:46Z,1025.0,2663,2663,119.5,160.0
9603162103,Part 0.0,Swim,2023-08-07T16:00:22Z,125.0,415,540,98.2,144.0
9619944025,Bouldering Session,RockClimbing,2023-08-06T20:52:24Z,295.3,285,3192,112.6,166.0
9597468907,Evening Walk,Walk,2023-08-06T19:47:40Z,3065.5,1626,1861,96.8,110.0
9597099437,Was supposed to be longer but crashed,Ride,2023-08-06T15:58:20Z,16875.9,3661,4070,151.6,181.0
9619944054,Bouldering Session,RockClimbing,2023-08-04T15:48:59Z,259.8,306,2583,91.9,158.0
9579076970,Good sesh 1 V6 1 Hard 5 /easy 6,RockClimbing,2023-08-03T17:10:28Z,773.0,71,7477,109.4,164.0
9578972530,Bouldering Session,RockClimbing,2023-08-02T14:12:42Z,452.3,417,4199,99.3,151.0
9559700568,Bouldering Session,RockClimbing,2023-07-31T19:20:57Z,628.7,640,5831,116.4,162.0
9558718006,Afternoon Rock Climb first tagged V7 at movement!,RockClimbing,2023-07-30T16:48:43Z,0.0,4144,4144,,
9546977598,Almost V6 and almost V7 at Movement NEXT TIME!,RockClimbing,2023-07-29T14:06:57Z,1092.7,753,8426,103.5,161.0
9540098453,Mt. Tam Solo Ride,Ride,2023-07-28T13:56:22Z,38259.9,9837,10672,146.2,177.0
9534469347,Bouldering Session: V6 project done — had to trust the forces of nature on the last move,RockClimbing,2023-07-27T16:03:10Z,387.9,394,3292,111.7,159.0
9528839852,Lots of Up lots of down w Luca,Ride,2023-07-26T17:29:49Z,32405.4,6044,6881,146.1,178.0
9534462107,Bouldering Session,RockClimbing,2023-07-25T16:19:13Z,271.0,338,2544,117.5,163.0
9512127230,Sunday Evening Hike,Hike,2023-07-23T19:10:38Z,4894.6,3997,4305,99.4,135.0
9521562931,Bouldering Session,RockClimbing,2023-07-23T10:21:15Z,540.6,525,5768,107.8,163.0
9507036299,Bouldering Session,RockClimbing,2023-07-21T16:00:23Z,377.5,388,3708,118.2,175.0
9490996714,Bouldering Session,RockClimbing,2023-07-19T14:06:09Z,678.1,44,6473,111.7,168.0
9471988006,Evening Ride,Ride,2023-07-17T20:51:27Z,3194.6,739,1201,124.2,156.0
9472022473,V7 project✅ V6 Project✅,RockClimbing,2023-07-17T18:31:10Z,604.9,635,5768,107.1,162.0
9465447148,Sunday Evening mini Cycle ,Ride,2023-07-16T17:24:32Z,14522.8,3166,3534,127.4,160.0
9464918848,Sunday Afternoon Cycle with Luca fighting for the yellow Jersey!,Ride,2023-07-16T13:38:39Z,20041.8,3551,3922,137.8,168.0
9471863004,Bouldering Session,RockClimbing,2023-07-15T14:31:06Z,334.2,346,3475,108.3,155.0
9471863002,Bouldering Session,RockClimbing,2023-07-15T14:31:06Z,334.2,346,3475,108.3,155.0
9459367829,Bouldering Session,RockClimbing,2023-07-14T18:22:54Z,423.9,431,4296,119.8,173.0
9459367825,Bouldering Session,RockClimbing,2023-07-14T18:22:54Z,452.8,543,4296,117.3,173.0
9428353931,Night Ride,Ride,2023-07-10T21:03:06Z,3769.3,1390,1661,101.2,126.0
9420754009,Sunday Morning Cycle,Ride,2023-07-09T09:38:31Z,49722.2,8325,10912,136.8,174.0
9400421673,Bouldering Session,RockClimbing,2023-07-05T17:14:06Z,740.2,748,6437,109.9,154.0
9390779137,Afternoon Ride,Ride,2023-07-04T13:28:01Z,78333.3,13309,15648,,
9402084520,Monday Evening Cycle,Ride,2023-07-03T17:30:46Z,5598.4,1075,1156,119.9,145.0
9396019099,Bouldering Session,RockClimbing,2023-07-02T15:43:55Z,408.1,387,4048,98.8,161.0
9396019097,Bouldering Session,RockClimbing,2023-07-01T10:21:54Z,461.5,414,4221,115.7,164.0
9363790975,Bouldering Session,RockClimbing,2023-06-29T16:05:33Z,479.7,459,4692,108.0,170.0
9359554470,Bouldering Session,RockClimbing,2023-06-28T13:03:32Z,422.5,414,4285,111.7,169.0
9348037390,Run with Luca aka turbo panther,Run,2023-06-27T19:49:51Z,12910.9,4522,4622,144.9,163.0
9340879801,Monday Afternoon Yoga,Workout,2023-06-26T15:51:07Z,0.0,2615,2615,76.7,121.0
9335718711,Bouldering Session,RockClimbing,2023-06-25T15:37:55Z,659.4,435,5717,113.4,164.0
9322163349,Exploring Richmond and Berkley Marina,Ride,2023-06-23T14:50:40Z,42464.5,6305,6379,138.3,155.0
9335072313,Bouldering Session,RockClimbing,2023-06-22T17:22:47Z,648.0,621,6239,102.2,165.0
9310775269,🍓-canyon with L-dog,Run,2023-06-21T15:32:39Z,9674.6,3621,3668,149.9,168.0
9316927413,Bouldering Session,RockClimbing,2023-06-20T20:06:30Z,549.6,512,5821,109.1,167.0
9297261153,Marin headlands Grav Trails 🚴‍♂️,Ride,2023-06-19T10:22:30Z,49604.3,10208,10919,144.4,171.0
9309413758,Bouldering Session,RockClimbing,2023-06-18T10:18:02Z,797.6,928,8540,111.8,165.0
9279864363,Friday Evening Hike,Hike,2023-06-16T19:47:48Z,1856.0,1519,1805,98.1,126.0
9290770533,Bouldering Session,RockClimbing,2023-06-15T20:12:02Z,533.4,682,4808,116.0,173.0
9267941350,Slow and Painful!,Ride,2023-06-14T16:31:54Z,33301.1,9403,10561,137.4,172.0
9264301933,Bouldering Session at Mosaic,RockClimbing,2023-06-13T17:15:48Z,804.7,755,7208,118.1,174.0
9261052762,Tuesday Afternoon Cycle / hike,Ride,2023-06-13T15:57:57Z,11476.0,3782,3880,130.0,165.0
9258486896,Monday Evening Run turned into walk,Run,2023-06-12T19:54:13Z,4252.3,2087,2488,110.7,152.0
9249106769,Sunday Evening trail Run / walk,Run,2023-06-11T17:59:51Z,10919.4,5944,7025,115.6,151.0
9248700573,Bouldering Session,RockClimbing,2023-06-11T10:46:34Z,520.3,416,5280,102.7,150.0
9247504804,Bouldering Session,RockClimbing,2023-06-10T14:08:32Z,471.7,464,4704,110.4,148.0
9235766377,Friday Afternoon Run,Run,2023-06-09T16:59:01Z,4544.1,1716,1716,127.7,147.0
9230143274,Thursday Afternoon Cycle,Ride,2023-06-08T15:48:38Z,37647.4,7709,10548,141.1,166.0
9223092456,New Bike Day!!!! :0,Ride,2023-06-07T12:38:00Z,42020.8,8946,10582,153.5,179.0
9223092491,Tuesday Evening Yoga,Workout,2023-06-06T19:49:44Z,0.0,8350,8350,75.3,118.0
9202649951,Bouldering Session,RockClimbing,2023-06-01T11:17:00Z,368.4,446,3339,120.0,158.0
9179685596,Wednesday Evening Paddle,StandUpPaddling,2023-05-31T17:23:42Z,5077.6,4751,5036,103.1,126.0
9172104335,the essential seattle ride,Ride,2023-05-30T12:31:36Z,45477.9,6741,7189,140.2,166.0
9170064276,Bouldering Session,RockClimbing,2023-05-29T13:59:54Z,617.2,182,5119,115.9,160.0
9159976247,Sunday Afternoon Run,Run,2023-05-28T16:17:12Z,2249.0,814,821,140.3,157.0
9159975746,Sunday Afternoon Run,Run,2023-05-28T15:56:24Z,2345.8,852,863,133.8,144.0
9159599879,Sunday Afternoon Run,Run,2023-05-28T13:59:33Z,4286.1,1407,1410,144.9,172.0
9152366708,Bouldering Session,RockClimbing,2023-05-27T09:35:19Z,753.5,314,7263,92.5,156.0
9147057231,Friday Evening Run,Run,2023-05-26T17:40:30Z,4981.9,1979,1980,131.8,155.0
9151662151,Bouldering Session,RockClimbing,2023-05-25T16:06:40Z,785.4,813,7255,124.7,171.0
9135866119,Mid Back,Workout,2023-05-24T21:50:41Z,0.0,1091,1091,,
9135815601,Inner Shin,Workout,2023-05-24T21:38:47Z,0.0,665,665,,
9135790111,Simple Lower Body Stretch,Workout,2023-05-24T21:29:44Z,0.0,521,521,,
9135767095,Wednesday Evening Run,Run,2023-05-24T20:45:21Z,3285.1,1289,1297,120.9,163.0
9135582493,Wednesday Evening Walk,Walk,2023-05-24T18:55:07Z,1780.8,1382,1434,82.9,107.0
9261482210,Bouldering Session,RockClimbing,2023-05-23T16:36:33Z,985.4,1324,7730,102.4,161.0
9116676382,Inner Shin recovery,Workout,2023-05-21T18:46:53Z,0.0,873,873,,
9116620269,Sunday Evening Jog with Kath,Run,2023-05-21T17:42:01Z,3930.2,2042,2580,110.6,140.0
9116488571,did a half marathon on a bike let’s go,Ride,2023-05-21T16:10:15Z,23032.0,3920,4263,147.6,175.0
9115668937,Bouldering Session,RockClimbing,2023-05-21T10:45:23Z,657.4,491,6674,115.0,165.0
9110089661,Saturday Evening Walk,Walk,2023-05-20T19:10:58Z,1927.2,1931,3249,84.4,115.0
9110086037,Afternoon Yoga,Yoga,2023-05-20T17:17:02Z,0.0,994,994,84.5,116.0
9103637488,Friday Evening Walk,Walk,2023-05-19T20:30:23Z,1281.3,1003,1334,84.0,94.0
9115649100,Bouldering Session,RockClimbing,2023-05-18T16:41:42Z,447.5,520,4028,93.7,155.0
9096595881,Thursday Afternoon Run,Run,2023-05-18T12:53:09Z,3341.7,1239,1372,127.3,149.0
9077594611,This one hurt…,Run,2023-05-15T10:08:13Z,18459.9,7026,7507,162.5,178.0
9088601073,Bouldering Session,RockClimbing,2023-05-14T16:29:04Z,646.1,500,6605,105.0,152.0
9072343137,Sunday Morning Hike,Hike,2023-05-14T11:01:42Z,4288.2,3317,4652,100.0,119.0
9055510615,Run With Luca,Run,2023-05-11T18:29:26Z,9661.9,3252,3256,146.2,167.0
9054027600,Bouldering Session,RockClimbing,2023-05-11T10:31:11Z,246.1,251,3458,104.4,145.0
9047331422,Interval run🦧,Run,2023-05-10T10:01:45Z,8651.1,2703,3142,160.6,188.0
9043944417,Bouldering Session,RockClimbing,2023-05-08T19:16:56Z,379.6,442,2964,90.5,133.0
9043941118,Bouldering Session,RockClimbing,2023-05-08T19:08:04Z,65.6,68,519,104.3,132.0
9031327003,Night Run: sponsored by daft punk ,Run,2023-05-07T21:32:15Z,12918.3,4447,4593,160.7,183.0
9031330178,Cute 5K,Run,2023-05-06T17:09:13Z,5535.0,2001,2167,140.3,169.0
8993456906,Afternoon Run,Run,2023-05-01T15:51:57Z,6669.2,3667,3842,117.1,153.0
8986432829,Night Ride,Ride,2023-04-29T21:01:55Z,0.0,2670,2670,116.7,139.0
9043941180,Bouldering Session,RockClimbing,2023-04-29T15:54:39Z,308.4,49,2519,107.1,152.0
8974888285,Quirky yoga,Yoga,2023-04-28T17:59:15Z,0.0,1706,1706,86.4,120.0
8969339774,Afternoon Yoga,Yoga,2023-04-27T17:50:13Z,0.0,1562,1562,89.9,118.0
8980344826,Bouldering Session hurt wrist,RockClimbing,2023-04-24T20:07:56Z,582.5,0,5484,,151.0
8951109056,Afternoon Ride,Ride,2023-04-24T15:41:41Z,0.0,522,522,110.5,130.0
8945862103,Afternoon Run 🐥 ,Run,2023-04-23T15:57:42Z,16119.6,5695,5844,142.4,158.0
8938026886,Morning Ride,Ride,2023-04-22T10:41:48Z,36675.5,4332,5856,158.0,185.0
8928201933,Ride,Ride,2023-04-20T20:16:29Z,20579.2,2484,2622,153.6,175.0
8927608792,🐥 ,Run,2023-04-20T16:36:21Z,7099.1,2717,2717,161.3,183.0
8945418291,Bouldering Session,RockClimbing,2023-04-19T21:58:20Z,366.6,475,2992,124.2,165.0
8921566899,Afternoon Walk,Walk,2023-04-19T15:44:30Z,1384.9,1578,1578,85.0,100.0
8920841043,PRE lin reg final walk,Walk,2023-04-19T13:20:25Z,1623.0,1436,1436,90.0,101.0
8904782659,jog,Run,2023-04-16T22:07:47Z,6505.9,2483,2496,123.9,149.0
8897535160,🐣 indoor run @10:31 pace,Run,2023-04-15T17:16:51Z,6768.9,2442,2738,144.2,170.0
8928196253,Bouldering Session,RockClimbing,2023-04-14T19:09:31Z,316.0,179,2869,124.4,171.0
8889404290,First v6 flash,RockClimbing,2023-04-13T20:42:01Z,576.0,41,5152,115.7,158.0
8880809905,🐣 ,Run,2023-04-12T17:43:22Z,4962.1,1598,1602,148.9,164.0
8875668395,Drafting Mahmoud 101,Ride,2023-04-11T21:03:34Z,42760.3,4959,4974,150.9,179.0
8874460834,V5 wonderland,RockClimbing,2023-04-10T21:05:42Z,459.2,568,4039,117.9,159.0
8868783091,Evening Run,Run,2023-04-10T18:07:39Z,2254.3,700,703,148.7,159.0
8873158943,Bouldering Session,RockClimbing,2023-04-07T21:19:23Z,338.8,242,3017,117.2,153.0
8840289815,Night Ride,Ride,2023-04-05T21:29:00Z,26168.4,3431,3548,134.0,152.0
8834625330,Night Ride,Ride,2023-04-04T21:30:37Z,35330.8,4183,4211,160.6,192.0
8815271153,Beer Bike 2023,Ride,2023-04-01T14:51:51Z,1622.1,151,264,175.3,198.0
8815237137,Evening Ride,Ride,2023-03-30T20:07:30Z,10371.9,2045,10142,141.8,185.0
8795221714,Night Ride,Ride,2023-03-28T21:41:23Z,21706.0,3075,3697,145.4,180.0
8794488861,Afternoon Ride,Ride,2023-03-28T17:35:13Z,5346.9,957,1875,135.6,173.0
8789081572,Evening Walk,Walk,2023-03-27T20:03:05Z,1081.7,16,16,94.0,97.0
8873158886,Bouldering Session,RockClimbing,2023-03-23T21:15:44Z,308.0,381,2407,119.1,151.0
8764355876,Morning Ride,Ride,2023-03-23T08:55:56Z,38181.3,5549,6637,142.8,188.0
8761408125,Afternoon Ride,Ride,2023-03-22T17:07:45Z,55517.9,7303,8612,155.9,183.0
8749434441,Evening Walk,Walk,2023-03-20T20:38:28Z,1543.8,3043,3043,80.7,108.0
8744723879,Afternoon Rock Climb,RockClimbing,2023-03-19T16:51:07Z,0.0,2827,2827,,
8738577040,Night Run,Run,2023-03-18T21:44:59Z,374.2,90,104,147.2,158.0
8731291088,Morning Alpine Ski,AlpineSki,2023-03-17T09:59:45Z,41466.0,10257,12925,98.1,146.0
8725644494,Bouldering with Kath and Herman,RockClimbing,2023-03-16T10:18:40Z,354.4,0,5298,,130.0
8725637972,Bouldering Session,RockClimbing,2023-03-14T16:15:53Z,586.0,380,5734,114.6,167.0
8710410579,Afternoon Ride,Ride,2023-03-13T15:35:49Z,41007.0,7307,7963,145.5,167.0
8705471106,Best ride ever,Ride,2023-03-12T15:11:34Z,46681.6,8543,9580,144.0,166.0
8704902681,Bouldering Session - Stanford is hard!!,RockClimbing,2023-03-12T10:25:10Z,618.3,749,5543,116.5,161.0
8698605539,First Ride with Kath,Ride,2023-03-11T11:45:53Z,9200.2,1905,2199,111.4,149.0
8698789114,Bouldering Session,RockClimbing,2023-03-10T20:38:42Z,664.6,828,6035,114.2,152.0
8698787426,Bouldering Session,RockClimbing,2023-03-09T15:41:16Z,305.9,332,2574,113.4,152.0
8686683017,Morning Ride,Ride,2023-03-09T08:25:52Z,44903.6,6148,6693,148.5,176.0
8678349155,Afternoon Ride,Ride,2023-03-07T17:24:58Z,20947.7,3294,3602,146.2,178.0
8678081606,TT,Ride,2023-03-07T16:43:16Z,15672.5,2155,2352,154.7,196.0
8666295353,Morning Ride,Ride,2023-03-05T10:40:20Z,19887.2,2427,5470,148.1,178.0
8659608355,Bouldering Session,RockClimbing,2023-03-03T19:40:10Z,403.6,481,3358,105.2,144.0
8645044414,Afternoon Ride,Ride,2023-03-01T17:20:36Z,28725.7,4199,4435,132.3,164.0
8627288982,Morning Ride,Ride,2023-02-26T09:49:46Z,56950.5,6896,8011,156.5,180.0
8616765405,Afternoon Ride,Ride,2023-02-24T14:09:22Z,74560.3,9269,10115,152.5,178.0
8604030391,Afternoon Ride,Ride,2023-02-21T17:32:24Z,22912.2,3300,3867,138.1,182.0
8659035436,Bouldering Session,RockClimbing,2023-02-20T21:29:54Z,636.5,792,5750,111.3,165.0
8589790823,Afternoon Run,Run,2023-02-19T13:24:03Z,11322.4,4011,4266,157.1,175.0
8582170912,Bouldering,RockClimbing,2023-02-18T01:02:00Z,0.0,5400,5400,,
8578152338,Base miles race miles,Ride,2023-02-17T15:07:25Z,37918.4,4687,4956,151.3,178.0
8574431810,Bouldering Session,RockClimbing,2023-02-16T21:47:56Z,446.1,130,3688,119.6,157.0
8568650912,Warming back to run and recovering from bike ,Run,2023-02-15T18:51:37Z,5338.9,1705,1705,151.0,170.0
8562860862,Half base half work,Ride,2023-02-14T16:42:51Z,42032.4,5742,6821,142.9,188.0
8560001725,Bouldering Session mini,RockClimbing,2023-02-14T07:21:30Z,178.1,253,1346,98.4,131.0
8557302020,Riding into the night,Ride,2023-02-13T17:36:36Z,35269.4,4618,5079,144.0,172.0
8548521355,Afternoon Hike,Hike,2023-02-11T16:06:55Z,3757.8,2918,3474,,
8544020203,Ridge Hike with light pack,Hike,2023-02-11T08:29:11Z,8468.5,7409,9189,,
8551894004,Sunrise hike,Hike,2023-02-11T05:59:00Z,1930.4,1813,3879,105.8,128.0
8544074765,Canyon hike with heavy pack,Hike,2023-02-10T11:40:15Z,10781.8,9542,16079,104.2,134.0
8544061109,Afternoon Hike,Hike,2023-02-09T16:00:49Z,6750.1,5370,6585,97.2,124.0
8526525004,Bouldering Session,RockClimbing,2023-02-07T20:30:22Z,549.6,861,4254,118.4,174.0
8523711926,Workout oof ,Ride,2023-02-07T16:18:42Z,31860.3,4532,4946,140.9,179.0
8511238821,Gator 🐊 Hike!!! ,Hike,2023-02-05T09:45:36Z,6934.9,5158,6928,89.3,125.0
8511238498,Afternoon Run,Run,2023-02-04T15:16:55Z,653.3,157,157,,
8524443339,Bouldering Session,RockClimbing,2023-02-03T21:36:06Z,451.5,404,3636,118.8,158.0
8500123976,Afternoon Ride,Ride,2023-02-03T14:00:37Z,32639.5,4218,4886,143.2,176.0
8496475787, Post rock climb selfie,RockClimbing,2023-02-02T21:30:59Z,560.6,641,4508,121.6,156.0
8495593850,Herman’s park was empty - it was beautiful.,Run,2023-02-02T16:23:08Z,6641.0,2057,2132,153.7,168.0
8484997436,Ended on watch 1%😱,Run,2023-01-31T16:33:41Z,16201.2,5174,5399,158.3,170.0
8474778179,Felt good: legs have more miles in them for this coming week!,Run,2023-01-29T22:00:24Z,8713.2,3040,3067,141.7,154.0
8474781152,Fun session with Kath and Jon,RockClimbing,2023-01-29T16:25:08Z,366.6,503,2813,111.6,151.0
8463160761,Bouldering Session,RockClimbing,2023-01-27T21:18:44Z,427.1,387,4035,103.7,155.0
8463159154,Wall warmup,RockClimbing,2023-01-27T21:07:28Z,76.8,102,663,94.5,112.0
8462303334,Base After Base,Ride,2023-01-27T14:17:58Z,48814.0,6972,8148,146.3,176.0
8460982589,First V6 + Dyno V5,RockClimbing,2023-01-26T21:31:01Z,345.5,428,2993,122.9,164.0
8457655564,Afternoon Run,Run,2023-01-26T16:40:23Z,5145.3,1742,1782,149.1,159.0
8450861349,Bouldering Session,RockClimbing,2023-01-24T20:10:50Z,567.3,699,4524,115.9,159.0
8450435976,Night Row,Rowing,2023-01-24T03:45:44Z,0.0,650,650,129.0,145.0
8435520724,In and out ride (forgot to unpause for a couple miles there),Ride,2023-01-22T09:50:16Z,57199.9,8308,12131,153.9,179.0
8425302022,Bouldering Session with taya,RockClimbing,2023-01-20T19:12:15Z,537.8,752,4326,107.6,162.0
8424643825,Afternoon Run,Run,2023-01-20T16:14:33Z,4108.6,1421,1441,129.0,149.0
8420673239,Bouldering w jon,RockClimbing,2023-01-19T17:01:46Z,425.2,622,3683,109.0,148.0
8417961756,Ride with the bike boys,Ride,2023-01-19T09:14:28Z,25027.0,3351,3891,141.1,175.0
8409024504,Afternoon Run,Run,2023-01-17T14:40:08Z,14866.5,5463,5599,151.6,169.0
8406677819,Bouldering Session,RockClimbing,2023-01-16T16:36:31Z,390.4,157,4326,120.3,159.0
8403121828,Lunch Ride,Ride,2023-01-16T11:49:54Z,21102.5,3264,3502,134.0,168.0
8392804480,Afternoon Run,Run,2023-01-14T15:16:53Z,9651.7,3508,3566,137.3,157.0
8392802549,Bouldering Session,RockClimbing,2023-01-14T10:21:40Z,387.6,4,3644,100.0,151.0
8383235890,Tried a V6,RockClimbing,2023-01-12T19:30:28Z,552.9,669,4570,117.1,164.0
8383233384,Evening Run,Run,2023-01-12T18:13:32Z,4590.0,1283,1287,147.9,167.0
8377088142,Night Yoga,Yoga,2023-01-11T21:41:20Z,0.0,2084,2084,92.6,124.0
8372068455,Night Ride,Ride,2023-01-10T23:49:53Z,0.0,1232,1232,139.1,155.0
8372068203,Hanging,RockClimbing,2023-01-10T23:25:34Z,0.0,589,589,107.6,127.0
8372068414,Afternoon Run,Run,2023-01-10T17:35:36Z,1725.4,665,672,132.9,149.0
8366169132,Afternoon Run,Run,2023-01-09T15:57:58Z,8379.3,3164,3237,136.6,160.0
8361366594,Afternoon Walk,Walk,2023-01-08T17:14:18Z,3495.9,2149,2589,109.2,155.0
8361418447,Had to reupload cause it didn’t get the entire session!! Bouldering ‼️,RockClimbing,2023-01-08T13:19:13Z,354.7,425,2941,108.6,160.0
8350378911,Bouldering Session,RockClimbing,2023-01-06T16:53:07Z,494.3,765,4157,120.7,168.0
8344998511,Afternoon Run,Run,2023-01-05T16:41:25Z,4821.6,1518,1528,155.7,174.0
8334379838,Lunch Hike,Hike,2023-01-03T11:23:52Z,18962.3,15697,17837,118.8,156.0
8328756036,Afternoon Run,Run,2023-01-02T14:21:07Z,4854.8,1703,1752,142.9,173.0
8323553448,Hangboard ,RockClimbing,2023-01-02T02:15:04Z,0.0,451,451,122.1,141.0
8323554449,Afternoon Run,Run,2023-01-01T17:44:31Z,3371.1,1200,1227,139.1,160.0
8323761213,Climbing with the crew,RockClimbing,2023-01-01T15:25:52Z,277.8,54,4123,120.6,155.0
8314096812,Bouldering Session,RockClimbing,2022-12-30T15:12:47Z,491.2,682,4101,115.0,156.0
8313420809,Afternoon Run,Run,2022-12-30T13:39:46Z,8058.6,2697,2735,154.6,174.0
8305196617,Night bouldering with Kath and luca,RockClimbing,2022-12-28T19:21:46Z,607.5,623,5788,111.2,151.0
8304681220,Afternoon Hike,Hike,2022-12-28T14:23:21Z,5877.0,4789,5577,113.1,156.0
8303808355,Morning Ride,Ride,2022-12-28T09:37:53Z,27529.4,4127,4223,144.6,162.0
8300256807,Afternoon Run,Run,2022-12-27T15:49:15Z,5190.0,1609,1612,164.0,172.0
8296211670,Bouldering Session,RockClimbing,2022-12-26T18:32:04Z,439.0,65,4298,123.5,157.0
8295358625,Afternoon Run,Run,2022-12-26T14:46:10Z,3578.4,1233,1233,146.5,159.0
8290919045,Lunch Hike,Hike,2022-12-25T12:00:49Z,8148.1,6593,7265,109.3,159.0
8295931401,Bouldering Session,RockClimbing,2022-12-24T13:04:19Z,383.8,611,2887,114.9,153.0
8268581065,Afternoon Alpine Ski,AlpineSki,2022-12-19T17:39:51Z,35545.1,22180,22180,108.1,157.0
8275987753,Bouldering Session,RockClimbing,2022-12-18T16:11:58Z,626.8,651,5697,105.2,169.0
8263698526,Morning Yoga,Yoga,2022-12-18T04:11:59Z,0.0,3803,3803,84.7,106.0
8260306231,Lunch Run,Run,2022-12-17T11:44:22Z,6532.3,2244,2299,158.5,172.0
8260311040,Bouldering Session,RockClimbing,2022-12-16T14:32:42Z,625.5,921,5054,115.0,164.0
8248272317,Bouldering Session,RockClimbing,2022-12-13T18:57:49Z,323.9,401,3407,103.7,166.0
8242107078,Leveled ⬆️ ,RockClimbing,2022-12-12T19:36:30Z,489.9,658,5322,110.0,154.0
8240942199,Measure theory final complete,Ride,2022-12-12T13:13:11Z,18348.8,2685,2685,133.8,153.0
8237925347,Night Ride,Ride,2022-12-11T22:14:55Z,0.0,1987,1987,127.1,154.0
8242091527,Warming back to it,RockClimbing,2022-12-08T18:52:23Z,316.8,413,2759,117.0,155.0
8219785395,Morning Run,Run,2022-12-07T09:41:23Z,6419.6,2198,2284,160.2,179.0
8217580859,Night Yoga,Yoga,2022-12-07T02:50:05Z,0.0,2425,2425,107.3,147.0
8208832964,Afternoon Run,Run,2022-12-04T14:26:43Z,4899.2,1813,1816,161.1,170.0
8199868511,Bouldering Session,RockClimbing,2022-12-02T17:22:57Z,173.5,277,1427,100.1,133.0
8191270805,Afternoon Run,Run,2022-11-30T16:33:14Z,3233.0,1192,1253,133.3,147.0
8172370327,Seattle Half,Run,2022-11-26T06:59:23Z,21159.6,7643,7752,161.2,176.0
8172367289,Warm up,Run,2022-11-26T06:37:18Z,1726.4,765,786,127.3,146.0
8159669043,Bouldering Session,RockClimbing,2022-11-23T13:10:48Z,362.7,375,3444,122.7,158.0
8159335264,Night Yoga,Yoga,2022-11-22T21:16:59Z,0.0,1873,1873,92.2,126.0
8130731513,Bouldering Session,RockClimbing,2022-11-14T19:27:42Z,423.1,0,4408,,167.0
8130731082,Afternoon Yoga,Yoga,2022-11-14T17:09:16Z,0.0,1371,1371,100.9,126.0
8119622128,Bouldering Session,RockClimbing,2022-11-11T20:29:03Z,583.6,828,4619,117.3,161.0
8090495373,Bouldering Session,RockClimbing,2022-11-08T19:59:59Z,404.1,0,3617,,150.0
8089718488,Bouldering Session,RockClimbing,2022-11-06T19:09:52Z,323.8,310,2808,114.8,148.0
8074952028,Bouldering Session,RockClimbing,2022-11-04T20:02:47Z,513.7,19,3984,126.8,164.0
8069510380,Bouldering Session,RockClimbing,2022-11-03T18:12:20Z,240.0,244,1933,114.0,161.0
8059977736,Afternoon Run,Run,2022-11-02T16:38:42Z,5092.4,2002,2184,141.7,167.0
8034969026,Afternoon Run,Run,2022-10-28T16:26:55Z,3441.5,1002,1006,172.8,181.0
8034970504,Afternoon Run,Run,2022-10-28T16:20:34Z,1181.5,334,338,156.9,159.0
7979317921,Night Yoga,Yoga,2022-10-17T21:04:14Z,0.0,2457,2457,76.0,102.0
7980212429,Bouldering Session: new v4s!!,RockClimbing,2022-10-17T20:00:44Z,592.9,2,5498,107.0,166.0
7979612423,Afternoon Run,Run,2022-10-17T17:04:27Z,4720.5,1362,1362,156.4,190.0
7967861049,Afternoon Yoga,Yoga,2022-10-15T16:44:08Z,0.0,1653,1653,96.0,121.0
7968041347,Bouldering Session top grade v4,RockClimbing,2022-10-14T14:37:42Z,573.7,616,4867,117.7,164.0
7949392156,Evening Run,Run,2022-10-11T18:37:15Z,10267.5,3574,3619,165.8,184.0
7944031919,Night Yoga,Yoga,2022-10-10T22:28:54Z,0.0,1611,1611,86.4,114.0
7944031955,Evening Walk,Walk,2022-10-10T19:16:05Z,2201.7,1662,1662,89.0,101.0
7938549862,Bouldering Session: weak from yesterday,RockClimbing,2022-10-09T12:52:28Z,234.7,24,2592,122.0,155.0
7932332839,*3.25,Run,2022-10-08T17:41:32Z,5560.6,1759,1759,156.4,176.0
7932402054,Bouldering Session,RockClimbing,2022-10-08T11:40:32Z,346.4,133,3045,115.6,159.0
7922920532,Evening Run,Run,2022-10-05T20:03:53Z,3667.4,1162,1162,145.8,162.0
7872338165,Longest heat run,Run,2022-09-26T17:45:12Z,8768.8,2854,3258,163.5,190.0
7869522297,Evening Activity,RockClimbing,2022-09-25T00:01:48Z,0.0,2160,2160,,
7856279167,Run: no cramps but back hurt. I need to fix my posture,Run,2022-09-23T21:04:39Z,8115.8,3179,3179,156.2,182.0
7840755977,Afternoon Run,Run,2022-09-20T21:03:48Z,4828.0,1603,1603,,
7829636411,Ran out of gas :(,Run,2022-09-18T11:51:24Z,5566.1,1999,2112,,
7798299679,Afternoon Run,Run,2022-09-12T16:02:51Z,4785.5,1408,1439,,
7780688054,Lunch Run,Run,2022-09-09T16:13:54Z,4828.0,2119,2119,,
7754752802,Mornin’ ‘ga ,Yoga,2022-09-04T16:36:04Z,0.0,2520,2520,,
7749875279,"Inclines
",Run,2022-09-03T22:26:01Z,3218.7,1500,1500,,
7683895131,Night Activity,Yoga,2022-08-23T02:07:01Z,0.0,1500,1500,,
7683896692,Climb. Almost finished a V4,RockClimbing,2022-08-22T21:09:00Z,0.0,3600,3600,,
7680593037,Morning Run,Run,2022-08-22T08:08:50Z,2614.8,868,871,,
7678670432,Yoga,Yoga,2022-08-22T01:46:14Z,0.0,1980,1980,,
7678669820,Climbing,RockClimbing,2022-08-21T02:01:00Z,0.0,3600,3600,,
7670325804,Yoga 🧘‍♀️ ,Yoga,2022-08-20T14:43:01Z,0.0,2520,2520,,
7645411102,Evening Run,Run,2022-08-14T20:19:19Z,5572.3,2061,2072,139.3,165.0
7632256557,Morning Hike,Hike,2022-08-13T08:20:01Z,5406.3,3821,4033,111.7,153.0
7617946790,Night Rock Climb,RockClimbing,2022-08-10T22:57:13Z,0.0,6494,6494,114.5,156.0
7573155049,Afternoon Ride,Ride,2022-08-02T14:56:34Z,53228.3,8565,10416,143.3,176.0
7555957780,Rock Climb,RockClimbing,2022-07-30T21:36:56Z,0.0,1077,1077,115.1,141.0
7551050292,Evening Run,Run,2022-07-29T18:27:00Z,3192.6,1068,1084,150.5,170.0
7549534580,Bouldering at Stanford,RockClimbing,2022-07-28T23:16:00Z,0.0,3722,3722,,
7522585316,SF Half,Run,2022-07-24T08:47:36Z,21357.1,6976,6996,165.5,186.0
7507859168,Night Yoga,Yoga,2022-07-22T00:43:57Z,0.0,3756,3756,82.9,126.0
7507858403,Evening Run,Run,2022-07-21T18:46:43Z,5126.8,1705,1744,147.4,173.0
7497006134,Evening Run,Run,2022-07-18T19:29:13Z,3280.8,1050,1050,143.2,170.0
7485292761,Morning Run,Run,2022-07-17T08:33:31Z,14649.5,5422,5856,153.6,176.0
7480115435,Jog /walk past the Funk Zone,Run,2022-07-15T08:55:24Z,5528.8,2805,2870,114.7,143.0
7452885899,Morning Run,Run,2022-07-11T10:03:32Z,10506.6,3773,4221,,
7437917784,Evening Run,Run,2022-07-08T18:14:22Z,14954.0,5830,6075,143.3,166.0
7433111715,Afternoon Ride,Ride,2022-07-07T16:57:21Z,39320.9,7129,8498,127.2,168.0
7422568740,"Run with Chui: saw bald eagle, 2 beavers, Herring, and 2 duckling broods",Run,2022-07-05T20:15:34Z,6655.8,2587,2608,132.0,152.0
7422575879,Afternoon Ride,Ride,2022-07-03T15:18:45Z,24478.8,4029,6200,113.2,150.0
7399443655,Afternoon Run,Run,2022-06-30T16:52:13Z,5202.2,1717,1725,152.1,171.0
7385392144,Evening Run,Run,2022-06-28T19:24:14Z,3677.1,1315,2068,150.3,169.0
7368922927,Evening Run,Run,2022-06-25T18:07:26Z,10961.9,4032,4112,150.4,164.0
7359407598,Evening Run,Run,2022-06-23T19:35:10Z,5630.8,1959,1959,153.7,166.0
7353683183,Evening Run,Run,2022-06-22T18:57:57Z,2464.5,816,816,149.8,164.0
7340152707,Morning Run,Run,2022-06-20T08:31:23Z,12920.5,4915,5169,147.0,170.0
7335302036,Lunch Hike,Hike,2022-06-18T12:10:23Z,4618.4,3781,3977,115.2,167.0
7321414532,Afternoon Run,Run,2022-06-16T17:12:59Z,6460.4,2128,2169,150.7,160.0
7310376309,Night Swim,Swim,2022-06-14T23:44:22Z,800.0,2120,2120,114.7,154.0
7305276882,Cool air run,Run,2022-06-13T21:44:55Z,6006.6,1767,1773,164.3,181.0
7299781967,Afternoon Run,Run,2022-06-12T17:53:32Z,3192.9,1033,1033,152.3,171.0
7310023425,Morning Hike,Hike,2022-06-12T08:09:09Z,9153.1,6085,6235,,
7310023828,Lunch Hike,Hike,2022-06-11T12:56:47Z,3482.6,3182,4632,,
7310027992,Morning Hike,Hike,2022-06-10T10:23:00Z,9406.7,7929,10713,,
7275774822,Afternoon Run,Run,2022-06-07T14:04:19Z,1082.8,343,343,154.6,164.0
7270064260,Morning Run,Run,2022-06-07T07:37:31Z,2934.5,1103,1108,141.4,165.0
7269854529,Gotta get breakfast,Run,2022-06-07T06:56:10Z,2920.0,917,917,157.3,167.0
7262385125,Night Run,Run,2022-06-05T21:27:01Z,4471.3,1675,1680,158.9,169.0
7240580438,Afternoon Ride,Ride,2022-06-01T16:28:06Z,53376.2,7514,8123,148.2,180.0
7234955897,Afternoon Run,Run,2022-05-31T17:03:20Z,6459.3,2128,2141,155.5,183.0
7224491419,Afternoon Run,Run,2022-05-29T15:49:31Z,13259.8,4454,4568,162.5,173.0
7223702338,Lunch Hike,Hike,2022-05-29T11:01:08Z,6661.8,5508,6164,98.4,137.0
7213641421,Afternoon Ride,Ride,2022-05-27T17:20:24Z,43334.6,6578,7216,140.4,171.0
7209015127,Saw four beavers!,Run,2022-05-26T19:37:37Z,4575.2,1687,1951,143.2,168.0
7202985248,Afternoon Run,Run,2022-05-25T15:20:04Z,12213.7,4475,4542,160.3,182.0
7192064924,Afternoon Run,Run,2022-05-23T14:03:22Z,5748.9,1898,1933,136.6,168.0
7181304396,Lunch Ride,Ride,2022-05-21T11:44:02Z,52454.0,8373,12779,141.5,179.0
7171449796,Run with mom,Run,2022-05-19T15:47:17Z,11392.5,4085,4086,,
7150431629,Night Run,Run,2022-05-15T22:14:46Z,4870.7,1719,1742,165.5,172.0
7150432810,Afternoon Run,Run,2022-05-14T16:51:32Z,1616.8,608,625,138.9,154.0
7133678583,Afternoon Hike,Hike,2022-05-12T16:26:15Z,6969.5,4083,4465,156.9,188.0
7132913136,Lunch Hike,Hike,2022-05-12T11:58:27Z,2507.2,2739,2892,100.1,139.0
7128128709,Afternoon Run,Run,2022-05-11T15:47:01Z,3609.2,1230,1241,146.1,172.0
7123338382,Afternoon Hike,Hike,2022-05-10T16:40:09Z,6230.1,4883,5310,108.9,172.0
7117141419,Kayak ,Kayaking,2022-05-09T15:16:23Z,7305.4,6449,7302,,
7115946125,Snorkeling 🤿 ,Swim,2022-05-09T10:45:57Z,302.2,460,1001,82.0,82.0
7116094176,Morning Run,Run,2022-05-08T09:38:00Z,5919.5,2113,2146,,
7110369277,Surf,Surfing,2022-05-07T21:43:16Z,0.0,4276,4276,97.5,154.0
7051384831,Afternoon swim,Swim,2022-04-27T19:41:18Z,150.0,312,310,105.4,147.0
7046925133,Evening Run,Run,2022-04-27T00:18:54Z,6437.4,2760,2760,,
7039433571,Yoga,Yoga,2022-04-25T16:18:39Z,0.0,1560,1560,,
7039241035,Morning Run,Run,2022-04-25T15:48:23Z,3218.7,1200,1200,,
7020065453,Afternoon Run,Run,2022-04-21T16:12:36Z,5238.6,1959,2010,158.9,177.0
7004427687,Afternoon Ride,Ride,2022-04-18T17:12:33Z,18302.2,2341,2341,149.6,171.0
6993529146,Afternoon Run,Run,2022-04-16T21:30:35Z,7081.1,2439,2439,,
6937072896,Yoga,Yoga,2022-04-05T20:23:41Z,0.0,1630,1630,,
6933027864,Ride n chill,Ride,2022-04-04T22:30:00Z,15610.7,2160,2160,,
6921738892,BEER BIKE 2022,Ride,2022-04-02T10:40:11Z,19169.7,3076,11382,142.9,194.0
6914125087,Night Ride,Ride,2022-03-31T21:47:34Z,8157.6,1802,5238,133.2,168.0
6913423819,Afternoon Ride,Ride,2022-03-31T17:08:31Z,21821.1,2839,2958,147.8,172.0
6913194058,Yoga,Yoga,2022-03-30T22:16:05Z,0.0,1247,1247,91.9,110.0
6904423564,Afternoon Ride,Ride,2022-03-29T17:38:53Z,28559.1,5046,7175,142.5,179.0
6896257312,Morning Ride,Ride,2022-03-28T07:37:46Z,28758.7,3756,3832,154.0,179.0
6892533158,Yoga,Yoga,2022-03-27T15:57:20Z,0.0,2460,2460,,
6892140653,Morning Ride,Ride,2022-03-27T09:59:30Z,9605.3,1959,2462,148.2,201.0
6877054022,Afternoon Ride,Ride,2022-03-24T14:23:39Z,20267.1,2824,2897,147.4,185.0
6845516708,Muddy Hike,Hike,2022-03-18T13:23:13Z,15850.4,13192,15965,115.1,156.0
6840317713,Waterfalls!!,Hike,2022-03-17T11:18:44Z,10094.2,9467,11873,,
6814657351,Indoor bike,EBikeRide,2022-03-12T22:36:07Z,12070.1,1678,1678,,
6814575860,Lunch Run,Run,2022-03-12T17:32:59Z,8046.7,3090,3090,,
6813841751,Yoga,Yoga,2022-03-12T16:33:00Z,0.0,2538,2538,86.2,132.0
6799975309,Pain trails,Ride,2022-03-09T16:26:19Z,21410.4,3526,4862,143.4,198.0
6794943363,Night Ride,Ride,2022-03-08T23:08:58Z,0.0,576,576,137.7,163.0
6794943514,Afternoon Ride,Ride,2022-03-08T17:23:00Z,18362.8,2910,3637,143.7,178.0
6789445341,Yoga,Yoga,2022-03-07T22:32:21Z,0.0,2490,2490,88.6,125.0
6764898498,Stress relief yoga,Yoga,2022-03-02T22:25:57Z,0.0,2551,2551,86.5,123.0
6759250415,Afternoon Ride,Ride,2022-03-01T17:36:39Z,31361.8,4265,4295,142.5,195.0
6754403035,Yoga,Yoga,2022-02-28T22:44:28Z,0.0,2001,2001,87.1,127.0
6747791748,Morning Run,Run,2022-02-27T16:10:27Z,9334.2,4032,4032,,
6743302878,Yoga,Yoga,2022-02-26T22:37:26Z,0.0,2857,2857,86.1,111.0
6729449099,Yoga,Yoga,2022-02-23T22:26:32Z,0.0,2621,2621,84.9,123.0
6724042554,Afternoon Ride,Ride,2022-02-22T17:38:59Z,31319.8,4079,4205,153.6,183.0
6718695855,Yoga,Yoga,2022-02-21T22:11:05Z,0.0,4943,4943,93.6,136.0
6707487169,Morning Run,Run,2022-02-19T16:50:22Z,6759.3,2520,2520,,
6697448285,Morning Yoga,Yoga,2022-02-17T14:38:25Z,0.0,1683,1683,105.4,127.0
6694114661,Strength Yoga,Yoga,2022-02-16T22:07:43Z,0.0,1723,1723,112.8,153.0
6684489208,Revitalization,Yoga,2022-02-14T22:26:26Z,0.0,3622,3622,80.1,100.0
6678384921,So cold ,Ride,2022-02-13T08:18:59Z,65885.5,8618,9025,154.3,174.0
6678431103,Yoga,Yoga,2022-02-13T00:43:00Z,0.0,2097,2097,77.1,103.0
6667551915,Yoga,Yoga,2022-02-11T17:05:00Z,0.0,1200,1200,,
6667552622,Earth being nice to us today,Run,2022-02-11T11:24:02Z,6940.8,2589,2824,165.2,182.0
6663980266,Super Smol yoga,Yoga,2022-02-10T22:47:07Z,0.0,654,654,82.2,98.0
6663970305,Afternoon Ride,Ride,2022-02-10T17:33:40Z,26221.5,3632,3868,143.7,182.0
6659193421,Yoga,Yoga,2022-02-10T01:37:48Z,0.0,2515,2515,83.9,122.0
6648145889,Yoga,Yoga,2022-02-07T22:13:50Z,0.0,2077,2077,80.4,110.0
6641964168,Run,Run,2022-02-06T17:43:37Z,8046.7,2790,2790,,
6632354330,Yoga,Yoga,2022-02-04T22:41:03Z,0.0,2537,2537,85.5,125.0
6627710935,Intense Yoga,Yoga,2022-02-03T23:04:00Z,0.0,1661,1661,101.2,130.0
6622767467,H-Strings tight today,Yoga,2022-02-02T22:28:06Z,0.0,3846,3846,83.8,107.0
6622534182,Such bad cramps,Run,2022-02-02T10:53:30Z,2674.6,845,1759,162.5,172.0
6618219196,Did more strength training yoga,Yoga,2022-02-02T02:58:46Z,0.0,1782,1782,104.4,130.0
6617570938,Mini strength building session,Yoga,2022-02-01T23:05:02Z,0.0,1577,1577,100.1,126.0
6607850406,Yoga,Yoga,2022-01-30T22:49:43Z,0.0,2701,2701,109.8,155.0
6607710672,"Great run , no stich today!",Run,2022-01-30T16:18:56Z,4787.3,1426,1439,167.3,180.0
6596708778,Recovering from my Recovery Run,Yoga,2022-01-28T22:57:16Z,0.0,4150,4150,93.5,130.0
6596533030,Recovery,Run,2022-01-28T16:17:39Z,4915.7,1845,1974,148.5,166.0
6592138415,Bike team,Ride,2022-01-27T16:17:42Z,33755.7,4311,4641,148.1,176.0
6587941734,Yoga,Yoga,2022-01-26T22:20:35Z,0.0,2893,2893,96.3,152.0
6582184801,Strength Building Yoga,Yoga,2022-01-25T23:16:37Z,0.0,2357,2357,99.5,127.0
6576622499,Yoga,Yoga,2022-01-24T22:14:10Z,0.0,2743,2743,87.3,135.0
6572138378,Quick Yoga,Yoga,2022-01-23T23:29:37Z,0.0,1995,1995,90.1,133.0
6566300626,Yoga,Yoga,2022-01-22T23:47:28Z,0.0,4555,4555,79.2,109.0
6561202242,Friday Yoga. ,Yoga,2022-01-21T22:29:29Z,0.0,2458,2458,89.5,132.0
6560271167,11:00 Pm Yoga,Yoga,2022-01-21T04:31:38Z,0.0,2304,2304,83.2,123.0
6551016719,Chill Yoga,Yoga,2022-01-19T22:13:43Z,0.0,2557,2557,89.4,131.0
6548342094,Morning Run,Run,2022-01-19T07:13:14Z,3407.0,1148,1452,161.2,170.0
6546063536,Yogie,Yoga,2022-01-18T23:19:52Z,0.0,2535,2535,88.0,131.0
6539777581,Yoga - chill day⛄️☮️,Yoga,2022-01-17T19:13:46Z,0.0,3841,3841,80.7,105.0
6536219227,Yoga,Yoga,2022-01-17T02:51:23Z,0.0,2400,2400,,
6524145298,Yoga - figured out how to record while doing it,Yoga,2022-01-14T22:11:56Z,0.0,2253,2253,93.5,135.0
6521872434,Morning Run,Run,2022-01-14T07:18:53Z,3487.1,1373,1431,149.8,159.0
6519559271,Yoga and laundry :),Yoga,2022-01-13T22:33:37Z,0.0,2520,2520,,
6516909279,Morning Run,Run,2022-01-13T07:15:05Z,3306.3,1228,1532,138.3,157.0
6514544538,Yoga,Yoga,2022-01-12T22:34:39Z,0.0,3600,3600,,
6509206736,Yoga ,Yoga,2022-01-11T22:31:18Z,0.0,2160,2160,,
6506520594,Morning Run,Run,2022-01-11T07:42:09Z,4915.2,1671,1671,149.4,176.0
6503886015,Yoga,Yoga,2022-01-10T22:15:32Z,0.0,2460,2460,,
6499859620,Yoga,Yoga,2022-01-10T03:30:27Z,0.0,3720,3720,,
6497403202,Morning Run,Run,2022-01-09T09:19:35Z,5232.4,1676,1685,,
6494334297,Yoga - first practice at Rice,Yoga,2022-01-09T06:00:00Z,0.0,2400,2400,,
6452668354,Afternoon Hike,Hike,2021-12-30T14:24:01Z,9954.7,7593,8054,,
6423900748,Cold hike,Hike,2021-12-24T12:38:11Z,6706.0,4817,5555,115.7,139.0
6420589162,Afternoon Ride,Ride,2021-12-23T15:38:19Z,26082.1,4455,4577,145.3,173.0
6405115984,Loop around the lake ish,Ride,2021-12-19T11:43:40Z,64715.8,11789,14762,,
6355296433,Morning Run,Run,2021-12-07T10:26:34Z,5090.6,1647,2213,170.9,184.0
6289310129,Afternoon Ride,Ride,2021-11-19T16:31:59Z,15546.8,2442,3070,125.9,171.0
6259018257,Afternoon Run ≈ Pi,Run,2021-11-14T15:32:10Z,5056.5,1691,1744,173.3,186.0
6236783520,Evening Run,Run,2021-11-09T20:55:25Z,5448.3,1873,1873,155.2,173.0
6231978935,Evening Run,Run,2021-11-08T20:54:44Z,5525.3,1823,1823,162.6,170.0
6133702835,Bike bike bike,Ride,2021-10-18T16:46:52Z,33129.3,4176,4530,156.6,179.0
6127091730,Morning Run,Run,2021-10-17T08:42:17Z,8097.2,3353,3442,146.6,172.0
6115005230,Night Ride,Ride,2021-10-14T21:12:01Z,32330.2,4314,13824,149.6,192.0
6106855722,Morning Run,Run,2021-10-13T12:25:57Z,4828.0,1804,1804,,
6094956619,Afternoon Run,Run,2021-10-10T22:03:37Z,4828.0,1707,1707,,
5993309204,Huh??,Run,2021-09-20T23:00:00Z,12874.8,4800,4800,,
5987592220,Indoor cycle,Ride,2021-09-19T18:33:06Z,8046.7,1023,1023,,
5987389974,Afternoon Run,Run,2021-09-19T17:23:37Z,7038.1,2404,2404,155.3,171.0
5953565587,Running in rain,Run,2021-09-13T08:20:32Z,3892.6,1247,1247,150.8,171.0
5937251174,Pain,Ride,2021-09-09T17:13:40Z,37315.6,5628,7503,155.1,199.0
5918268670,Loopy loop,Ride,2021-09-06T17:30:04Z,33237.9,4405,4942,149.5,185.0
5887688780,Morning Run,Run,2021-09-01T12:45:21Z,3742.1,1272,1272,155.4,172.0
5872841630,Upping the Miles little by little,Ride,2021-08-29T07:49:20Z,65767.8,8205,8768,153.0,182.0
5859329158,Finally hit the track,Ride,2021-08-26T18:04:31Z,53807.1,7440,8145,154.5,191.0
5783860381,Hike in Redwood Forrest,Hike,2021-08-12T07:46:38Z,21093.4,15019,17747,,
5761175885,Lake Ride,Ride,2021-08-08T12:06:01Z,44034.8,7129,9673,,
5741056351,Night Ride,Ride,2021-08-04T20:08:11Z,39824.1,5433,5807,154.4,179.0
5729311691,Olympic National Forest 🏃‍♂️,Hike,2021-08-02T11:25:06Z,10415.7,8451,14370,103.2,141.0
5719016219,It was a long day… good ride tho🤌🛌,Ride,2021-07-31T19:17:50Z,35238.1,4371,4542,,
5708780500,“Biking”,Ride,2021-07-29T18:16:09Z,28299.3,4295,6357,148.4,184.0
